    ---------------------------------------------------------------------------,,,,,,,
    *                                                                      ,,,,,,,
    * Data units = mm                            ,,,,,,,
    * TOP/BOTTOM,REFDES,PCB_x,PCB_y,ROTATION,VALUE,FOOTPRINT,
   SMD_TOP,ATGC_TEMP1,67.5,10.75,0,TP,TP0_5_SMD,
   SMD_TOP,ATGC_TEMP2,63.5,9.25,0,TP,TP0_5_SMD,
   SMD_TOP,C114,108.75,45.75,0,10uF,CC2012,
   SMD_TOP,C129,88.25,13.25,270,10uF,CC2012,
   SMD_TOP,C130,90.5,13.25,270,10uF,CC2012,
   SMD_TOP,C142,150,54.6,0,470nF,CC2012,
   SMD_TOP,C143,150,49.8,0,470nF,CC2012,
   SMD_TOP,C144,150,52.2,0,470nF,CC2012,
   SMD_TOP,C146,150,47.4,0,470nF,CC2012,
   SMD_TOP,C152,141.6,48.8,270,470nF,CC2012,
   SMD_TOP,C153,139.2,48.8,270,470nF,CC2012,
   SMD_TOP,C154,144,48.8,270,470nF,CC2012,
   SMD_TOP,C158,136.8,48.8,270,470nF,CC2012,
   SMD_TOP,C163,150,62.6,0,470nF,CC2012,
   SMD_TOP,C165,150,65,0,470nF,CC2012,
   SMD_TOP,C166,150,67.4,0,470nF,CC2012,
   SMD_TOP,C167,150,60.2,0,470nF,CC2012,
   SMD_TOP,C172,139.75,66,90,470nF,CC2012,
   SMD_TOP,C173,137.25,66,90,470nF,CC2012,
   SMD_TOP,C176,144.75,66,90,470nF,CC2012,
   SMD_TOP,C180,142.25,66,90,470nF,CC2012,
   SMD_TOP,C1875,51.5,71.5,180,1nF,CC1005,
   SMD_TOP,C1876,51.5,74.5,180,1uF,CC1608,
   SMD_TOP,C1877,61,74,270,1uF,CC1608,
   SMD_TOP,C1878,54,78,90,100nF,CC1005,
   SMD_TOP,C1879,61,71,0,1uF,CC1608,
   SMD_TOP,C1894,166,71.5,0,100nF,CC3216,
   SMD_TOP,C1895,166,69.25,0,100nF,CC3216,
   SMD_TOP,C1896,166,67,0,100nF,CC3216,
   SMD_TOP,C1898,166,62.5,0,100nF,CC3216,
   SMD_TOP,C1899,166,60.25,0,100nF,CC3216,
   SMD_TOP,C1901,166,58,0,100nF,CC3216,
   SMD_TOP,C1902,166,55.75,0,100nF,CC3216,
   SMD_TOP,C1903,166,64.75,0,100nF,CC3216,
   SMD_TOP,C1904,166,42.25,0,100nF,CC3216,
   SMD_TOP,C1905,166,40,0,100nF,CC3216,
   SMD_TOP,C1906,166,37.75,0,100nF,CC3216,
   SMD_TOP,C1908,166,53.5,0,100nF,CC3216,
   SMD_TOP,C1909,166,51.25,0,100nF,CC3216,
   SMD_TOP,C1910,166,49,0,100nF,CC3216,
   SMD_TOP,C1911,166,46.75,0,100nF,CC3216,
   SMD_TOP,C1940,166,44.5,0,100nF,CC3216,
   SMD_TOP,C1950,141.9,17.5,270,100nF,CC1005,
   SMD_TOP,C1951,142.9,17.5,270,100nF,CC1005,
   SMD_TOP,C1952,140.9,17.5,270,100nF,CC1005,
   SMD_TOP,C1954,139.9,17.5,270,100nF,CC1005,
   SMD_TOP,C1961,112.75,69,90,100nF,CC1005,
   SMD_TOP,C1962,113.75,69,90,100nF,CC1005,
   SMD_TOP,C1967,117.75,69,90,100nF,CC1005,
   SMD_TOP,C1968,116.75,69,90,100nF,CC1005,
   SMD_TOP,C1969,115.75,69,90,100nF,CC1005,
   SMD_TOP,C1970,114.75,69,90,100nF,CC1005,
   SMD_TOP,C1971,166.5,13.5,0,100nF,CC1005,
   SMD_TOP,C1988,149,38.8,0,680pF,RC1608,
   SMD_TOP,C1989,148.7,40.4,180,22uF,RC2012,
   SMD_TOP,C1990,151.8,38.8,180,680pF,RC1608,
   SMD_TOP,C1991,152.1,40.4,0,22uF,RC2012,
   SMD_TOP,C1992,144.9,38.7,180,680pF,RC1608,
   SMD_TOP,C1993,145.2,40.4,0,22uF,RC2012,
   SMD_TOP,C1994,142.1,38.7,0,680pF,RC1608,
   SMD_TOP,C1995,141.8,40.4,180,22uF,RC2012,
   SMD_TOP,C1996,138,39.8,270,1uF,CC1608,
   SMD_TOP,C1997,135.2,42.8,270,1uF,CC1608,
   SMD_TOP,C1998,135.2,39.8,90,1uF,CC1608,
   SMD_TOP,C1999,138,42.8,90,1uF,CC1608,
   SMD_TOP,C2004,75,56.5,0,1uF,CC1608,
   SMD_TOP,C2005,76.5,61.75,0,1uF,CC1608,
   SMD_TOP,C2006,68,65,90,100nF,CC1005,
   SMD_TOP,C2007,65.5,61.5,180,1uF,CC1608,
   SMD_TOP,C2008,65.5,58.5,180,1nF,CC1005,
   SMD_TOP,C2009,66.2,45,0,1uF,CC1608,
   SMD_TOP,C2010,66.2,48,270,1uF,CC1608,
   SMD_TOP,C2011,59.2,52,90,100nF,CC1005,
   SMD_TOP,C2012,56.7,48.5,180,1uF,CC1608,
   SMD_TOP,C2013,56.7,45.5,180,1nF,CC1005,
   SMD_TOP,C2015,61,58,0,1uF,CC1608,
   SMD_TOP,C2016,61,61,270,1uF,CC1608,
   SMD_TOP,C2017,54,65,90,100nF,CC1005,
   SMD_TOP,C2018,51.5,61.5,180,1uF,CC1608,
   SMD_TOP,C2019,51.5,58.5,180,1nF,CC1005,
   SMD_TOP,C2028,72.75,14.75,0,150pF,CC1005,
   SMD_TOP,C2032,72.75,12.75,0,120pF,RC1005,
   SMD_TOP,C2033,69.75,22.5,90,120pF,RC1005,
   SMD_TOP,C2036,64.5,11.5,90,1nF,CC1005,
   SMD_TOP,C2039,52.5,16.75,0,10uF,TC2012,
   SMD_TOP,C2040,59,9.25,0,10uF,TC2012,
   SMD_TOP,C2041,82.25,7.5,90,10uF,TC2012,
   SMD_TOP,C2042,78.75,4.25,180,10uF,TC2012,
   SMD_TOP,C2043,156.9,12.6,270,10uF,CC2012,
   SMD_TOP,C2044,148.5,7.25,0,10UF,TC3528,
   SMD_TOP,C2045,154,16.4,180,10nF,CC1005,
   SMD_TOP,C2046,95.25,10,270,4.7uF,CC1608,
   SMD_TOP,C2047,109.6,60.2,270,100nF,CC1005,
   SMD_TOP,C242,170.5,71.5,180,100nF,CC1005,
   SMD_TOP,C244,170.5,72.5,180,100nF,CC1005,
   SMD_TOP,C245,170.5,67.5,180,10nF,CC1005,
   SMD_TOP,C249,170.5,61,180,100nF,CC1005,
   SMD_TOP,C251,170.5,62,180,100nF,CC1005,
   SMD_TOP,C252,170.5,57,180,10nF,CC1005,
   SMD_TOP,C256,170.5,50.5,180,100nF,CC1005,
   SMD_TOP,C258,170.5,51.5,180,100nF,CC1005,
   SMD_TOP,C259,170.5,46.5,180,10nF,CC1005,
   SMD_TOP,C263,170.5,40,180,100nF,CC1005,
   SMD_TOP,C265,170.5,41,180,100nF,CC1005,
   SMD_TOP,C266,170.5,36,180,10nF,CC1005,
   SMD_TOP,C270,169.125,20.625,0,100nF,CC1005,
   SMD_TOP,C281,148.6,21.6,180,100nF,CC1005,
   SMD_TOP,C284,148.6,24,180,100nF,CC1005,
   SMD_TOP,C285,148.6,24.8,180,100nF,CC1005,
   SMD_TOP,C287,148.6,22.4,180,100nF,CC1005,
   SMD_TOP,C288,148.6,23.2,180,100nF,CC1005,
   SMD_TOP,C291,148.6,25.6,180,100nF,CC1005,
   SMD_TOP,C293,148.6,26.4,180,100nF,CC1005,
   SMD_TOP,C295,148.6,27.2,180,100nF,CC1005,
   SMD_TOP,C297,148.6,28.8,180,100nF,CC1005,
   SMD_TOP,C299,132.75,41.25,270,100nF,CC1005,
   SMD_TOP,C30,82.75,26.5,90,330uF,TC6032,
   SMD_TOP,C300,148.6,29.6,180,100nF,CC1005,
   SMD_TOP,C301,133.75,41.25,270,100nF,CC1005,
   SMD_TOP,C303,148.6,30.4,180,100nF,CC1005,
   SMD_TOP,C305,148.6,31.2,180,100nF,CC1005,
   SMD_TOP,C308,148.6,32,180,100nF,CC1005,
   SMD_TOP,C313,148.6,32.8,180,100nF,CC1005,
   SMD_TOP,C316,148.6,33.6,180,100nF,CC1005,
   SMD_TOP,C318,148.6,34.4,180,100nF,CC1005,
   SMD_TOP,C323,147.3,16.3,180,100nF,CC1005,
   SMD_TOP,C334,136.7,16.8,0,10uF,TC2012,
   SMD_TOP,C342,147.3,17.9,180,10uF,TC2012,
   SMD_TOP,C396,111.5,99,0,3.3nF,CC2012,
   SMD_TOP,C398,121.5,94.375,180,1uF,CC2012,
   SMD_TOP,C399,114,101.5,0,4.7uF,CC1608,
   SMD_TOP,C4,120,32.5,270,10nF,CC1005,
   SMD_TOP,C400,121.5,96.375,180,1uF,CC2012,
   SMD_TOP,C401,114,102.875,0,150pF,CC1005,
   SMD_TOP,C404,115,99,0,3.3nF,CC2012,
   SMD_TOP,C406,110.25,87,0,3.3nF,CC2012,
   SMD_TOP,C408,121.5,91.625,180,1uF,CC2012,
   SMD_TOP,C409,121.5,89.625,180,1uF,CC2012,
   SMD_TOP,C410,112.75,84,0,4.7uF,CC1608,
   SMD_TOP,C411,112.875,82.625,0,150pF,CC1005,
   SMD_TOP,C414,113.75,87,0,3.3nF,CC2012,
   SMD_TOP,C416,104.25,103,0,820pF,CC3216,
   SMD_TOP,C419,107.5,98.25,180,10nF,CC1005,
   SMD_TOP,C420,101,97.25,270,390pF,CC1005,
   SMD_TOP,C422,101.5,95.75,0,100pF,CC1005,
   SMD_TOP,C423,101.5,98.75,0,100pF,CC1005,
   SMD_TOP,C43,98.75,10,270,4.7uF,CC1608,
   SMD_TOP,C434,104.25,91.5,0,820pF,CC3216,
   SMD_TOP,C44,90.25,10,180,47uF,TC3528,
   SMD_TOP,C444,104.25,89.25,0,820pF,CC3216,
   SMD_TOP,C455,107,86.5,180,10nF,CC1005,
   SMD_TOP,C457,101,82.75,270,390pF,CC1005,
   SMD_TOP,C458,101.5,81.25,0,100pF,CC1005,
   SMD_TOP,C459,101.5,84.25,0,100pF,CC1005,
   SMD_TOP,C46,97,10,270,4.7uF,CC1608,
   SMD_TOP,C460,85.5,92.75,90,100nF,CC1005,
   SMD_TOP,C468,104.5,77.5,0,820pF,CC3216,
   SMD_TOP,C47,100.5,10,270,4.7uF,CC1608,
   SMD_TOP,C494,94.5,92.5,270,100nF,CC1005,
   SMD_TOP,C495,65.25,93.5,90,1nF,CC1005,
   SMD_TOP,C497,93.5,92.5,270,100nF,CC1005,
   SMD_TOP,C499,92.5,92.5,270,100nF,CC1005,
   SMD_TOP,C5,119,36.5,90,10nF,CC1005,
   SMD_TOP,C500,91.5,92.5,270,100nF,CC1005,
   SMD_TOP,C501,74.75,93,90,1nF,CC1005,
   SMD_TOP,C503,65.25,98,90,1nF,CC1005,
   SMD_TOP,C504,73.5,98.75,90,1nF,CC1005,
   SMD_TOP,C529,94.5,77,270,100nF,CC1005,
   SMD_TOP,C531,93.5,77,270,100nF,CC1005,
   SMD_TOP,C532,91.5,77,270,100nF,CC1005,
   SMD_TOP,C534,92.5,77,270,100nF,CC1005,
   SMD_TOP,C539,8.75,31.25,90,150uF,TC6032,
   SMD_TOP,C540,20.75,19.2,0,100nF,CC1005,
   SMD_TOP,C541,20.75,20,0,100nF,CC1005,
   SMD_TOP,C542,3.2,32,0,100nF,CC1005,
   SMD_TOP,C543,3.2,31,0,100nF,CC1005,
   SMD_TOP,C544,14,30,180,100nF,CC1005,
   SMD_TOP,C558,15.6,12.6,90,22uF,CC1608,
   SMD_TOP,C597,31.25,95.625,0,100nF,CC3216,
   SMD_TOP,C598,31.25,98.625,0,100nF,CC3216,
   SMD_TOP,C6,79.25,26.5,90,330uF,TC6032,
   SMD_TOP,C60,120.75,9.5,270,100uF,CC3225,
   SMD_TOP,C603,31.25,106.25,0,100nF,CC3216,
   SMD_TOP,C604,31.25,103.25,0,100nF,CC3216,
   SMD_TOP,C605,31.25,79.125,0,100nF,CC3216,
   SMD_TOP,C606,31.25,82.125,0,100nF,CC3216,
   SMD_TOP,C61,117.25,9.5,270,100uF,CC3225,
   SMD_TOP,C611,31.25,87.875,0,100nF,CC3216,
   SMD_TOP,C612,31.25,90.875,0,100nF,CC3216,
   SMD_TOP,C623,42.25,83.25,0,22uF,TC6032,
   SMD_TOP,C633,75,70.5,0,1uF,CC1608,
   SMD_TOP,C635,75,75,270,1uF,CC1608,
   SMD_TOP,C636,68,78,90,100nF,CC1005,
   SMD_TOP,C637,65.5,74.5,180,1uF,CC1608,
   SMD_TOP,C642,65.5,71.5,180,1nF,CC1005,
   SMD_TOP,C643,114,73.25,90,10nF,CC1005,
   SMD_TOP,C644,101.75,70.25,180,10uF,TC2012,
   SMD_TOP,C645,115.75,73.75,270,10uF,TC2012,
   SMD_TOP,C646,47,58,0,1uF,CC1608,
   SMD_TOP,C647,47,61,270,1uF,CC1608,
   SMD_TOP,C648,40,65,90,100nF,CC1005,
   SMD_TOP,C649,37.5,61.5,180,1uF,CC1608,
   SMD_TOP,C650,37.5,58.5,180,1nF,CC1005,
   SMD_TOP,C655,47,71,0,1uF,CC1608,
   SMD_TOP,C656,47,74,270,1uF,CC1608,
   SMD_TOP,C657,40,78,90,100nF,CC1005,
   SMD_TOP,C659,37.5,74.5,180,1uF,CC1608,
   SMD_TOP,C660,37.5,71.5,180,1nF,CC1005,
   SMD_TOP,C665,38,45,0,1uF,CC1608,
   SMD_TOP,C666,38,48,270,1uF,CC1608,
   SMD_TOP,C667,31,52,90,100nF,CC1005,
   SMD_TOP,C668,28.8,48,270,1uF,CC1608,
   SMD_TOP,C670,29,45.5,180,1nF,CC1005,
   SMD_TOP,C671,57.25,99.5,0,10nF,CC1005,
   SMD_TOP,C672,50,93,0,10nF,CC1005,
   SMD_TOP,C673,41.25,91,180,10uF,TC3528,
   SMD_TOP,C674,44.75,100.5,180,10uF,TC3528,
   SMD_TOP,C675,56.75,92,270,22uF,TC6032,
   SMD_TOP,C676,51.75,83.25,0,22uF,TC6032,
   SMD_TOP,C677,62.75,88,0,10uF,TC3528,
   SMD_TOP,C678,70.5,84.5,270,10nF,CC1005,
   SMD_TOP,C679,73.5,88.25,180,22uF,TC6032,
   SMD_TOP,C680,69.5,106,0,10uF,CC2012,
   SMD_TOP,C681,67,106,90,100nF,CC1005,
   SMD_TOP,C682,73.25,102,270,10uF,CC2012,
   SMD_TOP,C683,71.5,102.25,270,100nF,CC1005,
   SMD_TOP,C684,79,100,0,22pF,CC1005,
   SMD_TOP,C685,56.5,102.75,270,10uF,CC2012,
   SMD_TOP,C686,46,106,180,10uF,CC2012,
   SMD_TOP,C687,56.5,105.75,90,10nF,CC1005,
   SMD_TOP,C692,52,45,0,1uF,CC1608,
   SMD_TOP,C693,52,48,270,1uF,CC1608,
   SMD_TOP,C694,45,52,90,100nF,CC1005,
   SMD_TOP,C695,42.5,48.5,180,1uF,CC1608,
   SMD_TOP,C698,42.5,45.5,180,1nF,CC1005,
   SMD_TOP,C699,30.2,59.4,180,10uF,CC2012,
   SMD_TOP,C7,86.25,26.5,90,330uF,TC6032,
   SMD_TOP,C700,34,59.8,0,10nF,CC1005,
   SMD_TOP,C701,30,64,270,10UF,TC3528,
   SMD_TOP,C704,29.75,32.25,270,1uF,CC1608,
   SMD_TOP,C705,27,31.5,0,1uF,CC1608,
   SMD_TOP,C706,37.75,26.75,270,100nF,CC1005,
   SMD_TOP,C707,38.5,30.25,0,1uF,CC1608,
   SMD_TOP,C708,38.5,33.25,0,1nF,CC1005,
   SMD_TOP,C709,167,100.5,0,4.7uF,CC5750,
   SMD_TOP,C710,167,107.5,0,4.7uF,CC5750,
   SMD_TOP,C711,130.5,107.5,0,4.7uF,CC5750,
   SMD_TOP,C712,130.5,100.5,0,4.7uF,CC5750,
   SMD_TOP,C713,158.5,94,90,100nF/DNI,CC1005,
   SMD_TOP,C714,156.5,93,90,100nF,CC1005,
   SMD_TOP,C715,153.5,93,90,100nF/DNI,CC1005,
   SMD_TOP,C716,155.5,93,90,100nF,CC1005,
   SMD_TOP,C720,111.25,67.25,180,4.7uF,CC1608,
   SMD_TOP,C721,111.75,69,90,100nF,CC1005,
   SMD_TOP,C722,111,60.25,270,4.7uF,CC1608,
   SMD_TOP,C723,108.75,63.25,180,100nF,CC1005,
   SMD_TOP,C724,108.75,64.25,180,100nF,CC1005,
   SMD_TOP,C78,108.75,48,0,10uF,CC2012,
   SMD_TOP,D1,72.75,45.25,180,BL-HG036A-AV-TRB,LED1608,
   SMD_TOP,D10,182.25,21.25,0,MMSZ5235B,SOD-123W,
   SMD_TOP,D11,182.25,18.75,0,MMSZ5235B,SOD-123W,
   SMD_TOP,D12,182.25,16.25,0,MMSZ5235B,SOD-123W,
   SMD_TOP,D13,182.25,13.75,0,MMSZ5235B,SOD-123W,
   SMD_TOP,D14,176,92,90,ES3D,DO-214AB,
   SMD_TOP,D15,139.5,92,270,ES3D,DO-214AB,
   SMD_TOP,D16,176.5,112,180,TFZGTR12B,ZD-TFZ12B,
   SMD_TOP,D17,139,112,0,TFZGTR12B,ZD-TFZ12B,
   SMD_TOP,D2,72.75,43.5,180,BL-HG036A-AV-TRB,LED1608,
   SMD_TOP,D20,38.25,11.25,90,BL-HG036A-AV-TRB,LED1608,
   SMD_TOP,D21,156,55.6,270,BAT54S,SOT-23,
   SMD_TOP,D22,156,66.4,270,BAT54S,SOT-23,
   SMD_TOP,D23,160.6,55.6,270,BAT54S,SOT-23,
   SMD_TOP,D24,160.6,66.4,270,BAT54S,SOT-23,
   SMD_TOP,D25,156,59.2,270,BAT54S,SOT-23,
   SMD_TOP,D26,156,62.8,270,BAT54S,SOT-23,
   SMD_TOP,D27,160.6,59.2,270,BAT54S,SOT-23,
   SMD_TOP,D28,160.6,62.8,270,BAT54S,SOT-23,
   SMD_TOP,D29,160.6,48.4,270,BAT54S,SOT-23,
   SMD_TOP,D3,72.75,41.75,180,BL-HG036A-AV-TRB,LED1608,
   SMD_TOP,D30,160.6,44.8,270,BAT54S,SOT-23,
   SMD_TOP,D31,156,48.4,270,BAT54S,SOT-23,
   SMD_TOP,D32,156,44.8,270,BAT54S,SOT-23,
   SMD_TOP,D33,156,52,270,BAT54S,SOT-23,
   SMD_TOP,D34,160.6,41.2,270,BAT54S,SOT-23,
   SMD_TOP,D35,160.6,52,270,BAT54S,SOT-23,
   SMD_TOP,D36,156,41.2,270,BAT54S,SOT-23,
   SMD_TOP,D4,72.75,40,180,BL-HG036A-AV-TRB,LED1608,
   SMD_TOP,D5,72.75,38.25,180,BL-HG036A-AV-TRB,LED1608,
   SMD_TOP,D6,182.25,31.25,0,MMSZ5235B,SOD-123W,
   SMD_TOP,D7,182.25,28.75,0,MMSZ5235B,SOD-123W,
   SMD_TOP,D8,182.25,26.25,0,MMSZ5235B,SOD-123W,
   SMD_TOP,D9,182.25,23.75,0,MMSZ5235B,SOD-123W,
   SMD_TOP,FB1,85.25,18.25,0,BLM41PG750SN1,BEAD4516,
   SMD_TOP,FB10,170.5,49,180,BLM18AG121SN1,BEAD1608,
   SMD_TOP,FB101,43.5,52,270,BLM18PG181SN1,BEAD1608,
   SMD_TOP,FB102,34.2,58.6,0,BLM18PG181SN1,BEAD1608,
   SMD_TOP,FB103,27.75,29.25,0,BLM41PG750SN1,BEAD4516,
   SMD_TOP,FB105,29,34.5,180,BLM18PG181SN1,BEAD1608,
   SMD_TOP,FB106,31.5,68.5,0,BLM41PG750SN1,BEAD4516,
   SMD_TOP,FB107,69.5,48.5,0,BLM18PG181SN1,BEAD1608,
   SMD_TOP,FB108,38.5,28.5,180,BLM18PG181SN1,BEAD1608,
   SMD_TOP,FB110,24.5,34.25,0,BLM18PG181SN1,BEAD1608,
   SMD_TOP,FB111,38.5,78,270,BLM18PG181SN1,BEAD1608,
   SMD_TOP,FB114,61,68.5,0,BLM18PG181SN1,BEAD1608,
   SMD_TOP,FB115,58.5,78,180,BLM41PG750SN1,BEAD4516,
   SMD_TOP,FB116,52.5,78,270,BLM18PG181SN1,BEAD1608,
   SMD_TOP,FB117,72.5,65,180,BLM41PG750SN1,BEAD4516,
   SMD_TOP,FB118,74.25,54,270,BLM18PG181SN1,BEAD1608,
   SMD_TOP,FB119,75.25,58.75,0,BLM18PG181SN1,BEAD1608,
   SMD_TOP,FB12,172,52.75,180,BLM18AG121SN1,BEAD1608,
   SMD_TOP,FB120,66.5,65,270,BLM18PG181SN1,BEAD1608,
   SMD_TOP,FB121,63.7,52,180,BLM41PG750SN1,BEAD4516,
   SMD_TOP,FB122,66.2,42.5,0,BLM18PG181SN1,BEAD1608,
   SMD_TOP,FB123,63.2,41.25,270,BLM18PG181SN1,BEAD1608,
   SMD_TOP,FB124,57.7,52,270,BLM18PG181SN1,BEAD1608,
   SMD_TOP,FB125,58.5,65,180,BLM41PG750SN1,BEAD4516,
   SMD_TOP,FB126,61,55.5,0,BLM18PG181SN1,BEAD1608,
   SMD_TOP,FB127,52.5,65,270,BLM18PG181SN1,BEAD1608,
   SMD_TOP,FB128,52.5,14.25,0,BLM41PG750SN1,BEAD4516,
   SMD_TOP,FB129,58.75,7,0,BLM18PG181SN1,BEAD1608,
   SMD_TOP,FB13,170.5,38.5,180,BLM18AG121SN1,BEAD1608,
   SMD_TOP,FB130,74.75,4.25,180,BLM18PG181SN1,BEAD1608,
   SMD_TOP,FB131,154.8,17.8,180,BLM18PG181SN1,BEAD1608,
   SMD_TOP,FB132,148.5,12.25,0,BLM41PG750SN1,BEAD4516,
   SMD_TOP,FB133,120.5,35.75,90,BLM21PG221SN1,BEAD2012,
   SMD_TOP,FB15,172,42.25,180,BLM18AG121SN1,BEAD1608,
   SMD_TOP,FB16,8.75,26,180,BLM18PG181SN1,BEAD1608,
   SMD_TOP,FB4,170.5,70,180,BLM18AG121SN1,BEAD1608,
   SMD_TOP,FB41,21,40,0,BLM41PG600SN1,BEAD4516,
   SMD_TOP,FB42,21,36.75,0,BLM41PG600SN1,BEAD4516,
   SMD_TOP,FB43,21,51.5,0,BLM41PG600SN1,BEAD4516,
   SMD_TOP,FB45,21,47,0,BLM41PG600SN1,BEAD4516,
   SMD_TOP,FB46,21,44,0,BLM41PG600SN1,BEAD4516,
   SMD_TOP,FB47,21.25,55.25,0,BLM41PG600SN1,BEAD4516,
   SMD_TOP,FB48,21.25,58.25,0,BLM41PG600SN1,BEAD4516,
   SMD_TOP,FB49,21.25,69.75,0,BLM41PG181SN1,BEAD4516,
   SMD_TOP,FB50,21.25,98.625,0,BLM41PG181SN1,BEAD4516,
   SMD_TOP,FB51,21.25,95.625,0,BLM41PG181SN1,BEAD4516,
   SMD_TOP,FB52,21.25,62.5,0,BLM41PG181SN1,BEAD4516,
   SMD_TOP,FB53,21.25,65.5,0,BLM41PG181SN1,BEAD4516,
   SMD_TOP,FB54,21.25,106.25,0,BLM41PG181SN1,BEAD4516,
   SMD_TOP,FB55,21.25,103.25,0,BLM41PG181SN1,BEAD4516,
   SMD_TOP,FB56,21.25,82.125,0,BLM41PG181SN1,BEAD4516,
   SMD_TOP,FB57,21.25,79.125,0,BLM41PG181SN1,BEAD4516,
   SMD_TOP,FB6,172,73.5,180,BLM18AG121SN1,BEAD1608,
   SMD_TOP,FB60,21.25,90.875,0,BLM41PG181SN1,BEAD4516,
   SMD_TOP,FB61,21.25,87.875,0,BLM41PG181SN1,BEAD4516,
   SMD_TOP,FB62,114.25,67.25,180,BLM18PG181SN1,BEAD1608,
   SMD_TOP,FB63,175.75,80,0,BLM41PG750SN1,BEAD4516,
   SMD_TOP,FB64,162,80.75,0,BLM41PG750SN1,BEAD4516,
   SMD_TOP,FB66,75,72.5,0,BLM18PG181SN1,BEAD1608,
   SMD_TOP,FB67,72.5,78,180,BLM41PG750SN1,BEAD4516,
   SMD_TOP,FB68,75,68.5,0,BLM18PG181SN1,BEAD1608,
   SMD_TOP,FB69,44.5,65,180,BLM41PG750SN1,BEAD4516,
   SMD_TOP,FB7,170.5,59.5,180,BLM18AG121SN1,BEAD1608,
   SMD_TOP,FB70,47,55.5,0,BLM18PG181SN1,BEAD1608,
   SMD_TOP,FB72,66.5,78,270,BLM18PG181SN1,BEAD1608,
   SMD_TOP,FB73,38.5,65,270,BLM18PG181SN1,BEAD1608,
   SMD_TOP,FB74,102.25,73.75,0,BLM41PG750SN1,BEAD4516,
   SMD_TOP,FB75,118.75,73.75,90,BLM18PG181SN1,BEAD1608,
   SMD_TOP,FB78,44.5,78,180,BLM41PG750SN1,BEAD4516,
   SMD_TOP,FB79,47,68.5,0,BLM18PG181SN1,BEAD1608,
   SMD_TOP,FB81,38,40,0,BLM18PG181SN1,BEAD1608,
   SMD_TOP,FB82,32.4,40.9,180,BLM18PG181SN1,BEAD1608,
   SMD_TOP,FB83,35.5,52,180,BLM41PG750SN1,BEAD4516,
   SMD_TOP,FB85,38,42.5,0,BLM18PG181SN1,BEAD1608,
   SMD_TOP,FB86,29.5,52,270,BLM18PG181SN1,BEAD1608,
   SMD_TOP,FB87,42.25,87,0,BLM41PG750SN1,BEAD4516,
   SMD_TOP,FB88,61.25,95.5,90,BLM18PG181SN1,BEAD1608,
   SMD_TOP,FB89,72,84.5,270,BLM18PG181SN1,BEAD1608,
   SMD_TOP,FB9,172,63.25,180,BLM18AG121SN1,BEAD1608,
   SMD_TOP,FB90,59.5,104.25,0,BLM18PG181SN1,BEAD1608,
   SMD_TOP,FB91,59.5,106.75,180,BLM18PG181SN1,BEAD1608,
   SMD_TOP,FB95,49,41.5,270,BLM18PG181SN1,BEAD1608,
   SMD_TOP,FB98,49.5,52,180,BLM41PG750SN1,BEAD4516,
   SMD_TOP,FB99,52,42.5,0,BLM18PG181SN1,BEAD1608,
   SMD_TOP,J8,134.25,10,0,BOX-HEADER-14P,2mm/SMD,BOX_HEADER2X7_2MM_SMD
   SMD_TOP,OSC1,103.4,64,0,SLO-G102550ADSR-40MHz,SLO-10,
   SMD_TOP,Q1,176,109,180,FQD7P20TM,TO-252,
   SMD_TOP,Q10,155,96.5,0,TN2524N8,SOT89-B,
   SMD_TOP,Q2,139.5,109,180,FDD120AN15AQ,TO-252,
   SMD_TOP,Q3,193.5,105.25,90,TN2524N8,SOT89-B,
   SMD_TOP,Q4,157.5,105.5,90,TP2520N8,SOT89-B,
   SMD_TOP,Q5,159.5,90,0,MMBT2907(Fairchild),SOT23,
   SMD_TOP,Q6,160,96.5,0,TN2524N8,SOT89-B,
   SMD_TOP,Q7,184.75,102.25,180,FDD120AN15AQ,TO-252,
   SMD_TOP,Q8,148.5,102,180,FQD7P20TM,TO-252,
   SMD_TOP,Q9,154.5,90,0,MMBT2907(Fairchild),SOT23,
   SMD_TOP,R10,94.5,13.75,270,330,RC1005,
   SMD_TOP,R1070,140.4,18.9,180,100,RC1005,
   SMD_TOP,R1071,142.4,18.9,0,100,RC1005,
   SMD_TOP,R11,102.25,11.5,270,10K,RC1005,
   SMD_TOP,R12,93.5,13.75,270,4.7K,RC1005,
   SMD_TOP,R124,111.5,100.5,0,0,RC1005,
   SMD_TOP,R125,111.5,97.5,180,499,RC1005,
   SMD_TOP,R127,118.875,94.875,180,0,RC1005,
   SMD_TOP,R129,118.875,95.875,180,0,RC1005,
   SMD_TOP,R13,96.75,13.25,180,10K,RC1005,
   SMD_TOP,R130,115.875,101.125,90,49.9,RC1005,
   SMD_TOP,R132,115,97.5,180,499,RC1005,
   SMD_TOP,R134,110.25,85.5,0,0,RC1005,
   SMD_TOP,R135,110.5,88.5,180,499,RC1005,
   SMD_TOP,R137,118.875,91.125,180,0,RC1005,
   SMD_TOP,R138,114.75,84.5,270,49.9,RC1005,
   SMD_TOP,R1388,121.4,20.8,0,0,RC1005,
   SMD_TOP,R1389,121.4,19.8,0,0,RC1005,
   SMD_TOP,R139,118.875,90.125,180,0,RC1005,
   SMD_TOP,R1390,121.4,16.8,0,0,RC1005,
   SMD_TOP,R1391,121.4,21.8,0,0,RC1005,
   SMD_TOP,R1392,121.4,18.8,0,0,RC1005,
   SMD_TOP,R1393,121.4,17.8,0,0,RC1005,
   SMD_TOP,R1399,149.6,42.6,90,499,RC1608,
   SMD_TOP,R14,99.25,13.75,270,4.7K,RC1005,
   SMD_TOP,R1400,151.2,42.6,90,499,RC1608,
   SMD_TOP,R1402,144.3,42.7,90,499,RC1608,
   SMD_TOP,R1404,142.7,42.7,90,499,RC1608,
   SMD_TOP,R1409,69.5,55.5,0,6.19K,RC1005,
   SMD_TOP,R1410,67.5,55.5,0,4.99K,RC1005,
   SMD_TOP,R1411,60.7,42.5,0,6.19K,RC1005,
   SMD_TOP,R1412,58.7,42.5,0,4.99K,RC1005,
   SMD_TOP,R1413,53.5,55.5,0,4.99K,RC1005,
   SMD_TOP,R1414,76,21.75,0,22,RC1005,
   SMD_TOP,R1415,70.75,22.5,90,1K,RC1005,
   SMD_TOP,R1416,71.75,22.5,270,1K,RC1005,
   SMD_TOP,R1421,73.25,18.5,270,49.9,RC1005,
   SMD_TOP,R1422,73.25,16.5,270,6.34K,RC1005,
   SMD_TOP,R1423,72.75,13.75,180,6.34K,RC1005,
   SMD_TOP,R1424,64.5,13,0,2.87K,RC1005,
   SMD_TOP,R1425,65.75,22.25,0,2.87K,RC1005,
   SMD_TOP,R1426,60.5,13,180,2.87K,RC1005,
   SMD_TOP,R1427,59,19,180,2.87K,RC1005,
   SMD_TOP,R1428,66.25,14,90,4.7K,RC1005,
   SMD_TOP,R143,113.75,88.5,180,499,RC1005,
   SMD_TOP,R1430,65.75,23.25,180,4.7K,RC1005,
   SMD_TOP,R1431,59,18,0,4.7K,RC1005,
   SMD_TOP,R1432,65.5,11.5,270,887,RC1005,
   SMD_TOP,R1433,60.5,12,0,4.7K,RC1005,
   SMD_TOP,R1434,62,12.5,90,4.7K,RC1005,
   SMD_TOP,R1435,61.25,22.75,270,4.7K,RC1005,
   SMD_TOP,R1436,63.25,22.75,270,4.7K,RC1005,
   SMD_TOP,R1438,64.25,22.75,270,2.87K,RC1005,
   SMD_TOP,R1439,63,12.5,90,2.87K,RC1005,
   SMD_TOP,R1440,62.25,22.75,270,2.87K,RC1005,
   SMD_TOP,R1441,75.5,7.25,270,16.9K,RC1005,
   SMD_TOP,R1442,75.5,9.75,270,10K,RC1005,
   SMD_TOP,R1443,122,31.75,180,0,RC1005,
   SMD_TOP,R1444,122,29.5,180,0,RC1005,
   SMD_TOP,R1445,122,30.5,180,0,RC1005,
   SMD_TOP,R1447,121.4,15.8,0,0,RC1005,
   SMD_TOP,R1448,104.75,50.25,90,0,RC1005,
   SMD_TOP,R1449,104.25,47.25,90,0,RC1005,
   SMD_TOP,R145,105,101.25,180,4.02K,RC1005,
   SMD_TOP,R1450,99.75,50.25,90,0,RC1005,
   SMD_TOP,R1451,100.25,47.25,90,0,RC1005,
   SMD_TOP,R1452,101.25,47.25,90,0,RC1005,
   SMD_TOP,R1453,98.25,46.25,90,0,RC1005,
   SMD_TOP,R1454,123.25,35.5,0,0,RC1005,
   SMD_TOP,R1455,97.25,46.25,90,0,RC1005,
   SMD_TOP,R1456,100.75,50.25,90,0,RC1005,
   SMD_TOP,R1457,101.75,50.25,90,0,RC1005,
   SMD_TOP,R1458,95.25,46.25,90,0,RC1005,
   SMD_TOP,R1459,102.75,50.25,90,0,RC1005,
   SMD_TOP,R146,103,101.25,180,1K,RC1005,
   SMD_TOP,R1460,96.25,46.25,90,0,RC1005,
   SMD_TOP,R1461,103.75,50.25,90,0,RC1005,
   SMD_TOP,R1462,102.25,47.25,90,0,RC1005,
   SMD_TOP,R1463,103.25,47.25,90,0,RC1005,
   SMD_TOP,R1464,55.5,55.5,0,10.5K,RC1005,
   SMD_TOP,R1466,121.5,23.75,0,0,RC1005,
   SMD_TOP,R1467,117.25,65.75,90,10K,RC1608,
   SMD_TOP,R1468,117.25,62.75,90,10K/DNI,RC1608,
   SMD_TOP,R147,107.5,99.25,180,200,RC1005,
   SMD_TOP,R148,101.5,99.75,180,24.9,RC1005,
   SMD_TOP,R149,101.5,94.75,180,24.9,RC1005,
   SMD_TOP,R15,109.25,13.75,90,10K,RC1005,
   SMD_TOP,R155,102.5,93.25,180,1K,RC1005,
   SMD_TOP,R158,104.5,93.25,180,4.02K,RC1005,
   SMD_TOP,R16,119,34.5,90,330,RC1005,
   SMD_TOP,R160,106.5,93.25,180,402,RC1005,
   SMD_TOP,R17,92.5,13.75,270,0,RC1005,
   SMD_TOP,R170,105,87.5,180,4.02K,RC1005,
   SMD_TOP,R176,103,87.5,180,1K,RC1005,
   SMD_TOP,R179,107,87.5,180,200,RC1005,
   SMD_TOP,R18,119,32.5,90,330,RC1005,
   SMD_TOP,R180,101.5,85.25,180,24.9,RC1005,
   SMD_TOP,R181,101.5,80.25,180,24.9,RC1005,
   SMD_TOP,R184,102.5,79.25,180,1K,RC1005,
   SMD_TOP,R19,102.25,13.75,270,0,RC1005,
   SMD_TOP,R190,104.5,79.25,180,4.02K,RC1005,
   SMD_TOP,R192,81.25,96.75,180,796,RC2012,
   SMD_TOP,R193,106.5,79.25,180,402,RC1005,
   SMD_TOP,R194,81.25,98.25,0,10K/DNI,RC1005,
   SMD_TOP,R195,93.5,105,270,10K,RC1005,
   SMD_TOP,R196,94.5,105,270,1K,RC1005,
   SMD_TOP,R197,95.5,105,270,0/DNI,RC1005,
   SMD_TOP,R198,92.5,105,270,10K,RC1005,
   SMD_TOP,R199,64.75,95,180,0,RC1005,
   SMD_TOP,R20,110.25,13.75,270,0,RC1005,
   SMD_TOP,R200,64.75,92,180,562,RC1005,
   SMD_TOP,R203,64.25,93.5,90,329,RC1005,
   SMD_TOP,R204,98.25,99.5,180,60.4K,RC1005,
   SMD_TOP,R205,74.25,94.5,180,0,RC1005,
   SMD_TOP,R206,73.75,93,90,300,RC1005,
   SMD_TOP,R208,69.75,95.75,180,2K,RC1005,
   SMD_TOP,R209,64.75,99.5,0,0,RC1005,
   SMD_TOP,R21,108,13.75,270,0,RC1005,
   SMD_TOP,R210,67.75,95.75,180,3.57K,RC1005,
   SMD_TOP,R211,64.25,98,90,300,RC1005,
   SMD_TOP,R212,74.75,96.75,90,2K,RC1005,
   SMD_TOP,R213,75.5,98.75,90,0/DNI,RC1005,
   SMD_TOP,R214,73.5,96.75,270,3K/DNI,RC1005,
   SMD_TOP,R215,74.5,98.75,90,300,RC1005,
   SMD_TOP,R216,93.5,90,270,10K,RC1005,
   SMD_TOP,R217,94.5,90,270,1K,RC1005,
   SMD_TOP,R218,95.5,90,270,0/DNI,RC1005,
   SMD_TOP,R219,92.5,90,270,10K,RC1005,
   SMD_TOP,R22,98.25,13.75,270,0,RC1005,
   SMD_TOP,R222,98.25,84.25,180,60.4K,RC1005,
   SMD_TOP,R224,50.5,27.25,180,22,RC1005,
   SMD_TOP,R226,36,11.5,90,22,RC1005,
   SMD_TOP,R227,47,24.75,180,22,RC1005,
   SMD_TOP,R228,30,11.5,90,22,RC1005,
   SMD_TOP,R23,90,45.75,180,10K,RC1005,
   SMD_TOP,R230,43,26,180,22,RC1005,
   SMD_TOP,R232,35,11.5,90,22,RC1005,
   SMD_TOP,R233,43,27.25,180,22,RC1005,
   SMD_TOP,R235,34,11.5,90,22,RC1005,
   SMD_TOP,R236,47,26,180,22,RC1005,
   SMD_TOP,R237,28,11.5,90,22,RC1005,
   SMD_TOP,R239,50.5,26,180,22,RC1005,
   SMD_TOP,R24,107,13.75,90,4.7K/DNI,RC1005,
   SMD_TOP,R240,27,11.5,90,22,RC1005,
   SMD_TOP,R241,33,11.5,90,22,RC1005,
   SMD_TOP,R242,47,27.25,180,22,RC1005,
   SMD_TOP,R243,29,11.5,90,22,RC1005,
   SMD_TOP,R244,32,11.5,90,22,RC1005,
   SMD_TOP,R245,37,11.5,90,332,RC1005,
   SMD_TOP,R246,43,24.75,180,22,RC1005,
   SMD_TOP,R249,47,23.5,180,22,RC1005,
   SMD_TOP,R251,26,11.5,90,22,RC1005,
   SMD_TOP,R252,43,23.5,180,22,RC1005,
   SMD_TOP,R253,31,11.5,90,22,RC1005,
   SMD_TOP,R254,25,11.5,90,22,RC1005,
   SMD_TOP,R255,50.5,25,180,22,RC1005,
   SMD_TOP,R258,50.5,23.75,180,22,RC1005,
   SMD_TOP,R26,106,13.75,90,4.7K/DNI,RC1005,
   SMD_TOP,R261,43,22.25,180,22,RC1005,
   SMD_TOP,R262,50.5,21,180,22,RC1005,
   SMD_TOP,R263,50.5,19.75,180,22,RC1005,
   SMD_TOP,R264,47,22.25,180,22,RC1005,
   SMD_TOP,R265,50.5,22.25,180,22,RC1005,
   SMD_TOP,R266,45.5,33.75,180,22,RC1005,
   SMD_TOP,R267,45.5,32.5,180,22,RC1005,
   SMD_TOP,R268,48.75,33.75,180,22,RC1005,
   SMD_TOP,R269,48.75,35,180,22,RC1005,
   SMD_TOP,R271,42.25,35,180,22,RC1005,
   SMD_TOP,R272,48.75,32.5,180,22,RC1005,
   SMD_TOP,R273,45.5,31.25,180,22,RC1005,
   SMD_TOP,R274,45.5,35,180,22,RC1005,
   SMD_TOP,R275,48.75,30,180,22,RC1005,
   SMD_TOP,R276,37.5,15,180,10K,RC1608,
   SMD_TOP,R277,47,21,180,22,RC1005,
   SMD_TOP,R279,47,19.75,180,22,RC1005,
   SMD_TOP,R28,101.25,13.75,90,4.7K/DNI,RC1005,
   SMD_TOP,R280,48.75,31.25,180,22,RC1005,
   SMD_TOP,R281,45.5,30,180,22,RC1005,
   SMD_TOP,R282,37.5,16.75,180,10K,RC1608,
   SMD_TOP,R283,35,15,180,22,RC1005,
   SMD_TOP,R285,35,16.75,180,22,RC1005,
   SMD_TOP,R286,35,18.5,180,22,RC1005,
   SMD_TOP,R287,34.8,26.4,270,22,RC1005,
   SMD_TOP,R288,34.8,24,270,22,RC1005,
   SMD_TOP,R289,37.5,18.5,180,10K,RC1608,
   SMD_TOP,R293,19,8.2,180,10K,RC1608,
   SMD_TOP,R294,19,13.6,180,10K,RC1608,
   SMD_TOP,R295,19,4.6,180,10K,RC1608,
   SMD_TOP,R296,19,10,0,10K,RC1608,
   SMD_TOP,R297,19,11.8,0,10K,RC1608,
   SMD_TOP,R298,19,6.4,0,10K,RC1608,
   SMD_TOP,R3,130,27.8,90,100,RC1005,
   SMD_TOP,R30,100.25,13.75,90,0/DNI,RC1005,
   SMD_TOP,R300,3.2,30,180,1M,RC1005,
   SMD_TOP,R302,24,11.5,270,200,RC1005,
   SMD_TOP,R310,171.375,15.25,180,1K,RC1005,
   SMD_TOP,R311,171.375,16.5,180,1K,RC1005,
   SMD_TOP,R312,171.375,17.75,180,1K,RC1005,
   SMD_TOP,R364,69.5,68.5,0,15.4K,RC1005,
   SMD_TOP,R366,67.5,68.5,0,4.99K,RC1005,
   SMD_TOP,R368,112.75,72.5,270,36K,RC1005,
   SMD_TOP,R369,41.5,55.5,0,10.5K,RC1005,
   SMD_TOP,R370,112.75,74.5,270,20.5K,RC1005,
   SMD_TOP,R371,39.5,55.5,0,4.99K,RC1005,
   SMD_TOP,R373,41.5,68.5,0,6.19K,RC1005,
   SMD_TOP,R375,39.5,68.5,0,4.99K,RC1005,
   SMD_TOP,R377,32.5,43,0,2.37K,RC1005,
   SMD_TOP,R379,30.5,43,0,4.99K,RC1005,
   SMD_TOP,R380,44.75,96.5,180,0,RC3225,
   SMD_TOP,R381,56.75,98,270,10.2K,RC1005,
   SMD_TOP,R382,53.5,90.25,0,10K,RC1005,
   SMD_TOP,R383,53.5,91.25,180,1.37K,RC1005,
   SMD_TOP,R384,57.75,98,90,3.24K,RC1005,
   SMD_TOP,R385,68,88.875,0,3.32K,RC1005,
   SMD_TOP,R386,68,87.875,180,10K,RC1005,
   SMD_TOP,R387,62.75,84,180,0,RC3225,
   SMD_TOP,R388,72,104.25,180,10K,RC1005,
   SMD_TOP,R389,79,99,0,100,RC1005,
   SMD_TOP,R390,77,100,0,10K,RC1005,
   SMD_TOP,R391,46.5,42.5,0,1.24K,RC1005,
   SMD_TOP,R393,44.5,42.5,0,4.99K,RC1005,
   SMD_TOP,R397,34.75,35.25,180,15.4K,RC1005,
   SMD_TOP,R398,36.75,35.25,180,4.99K,RC1005,
   SMD_TOP,R399,176,110.5,180,47K,RC1005,
   SMD_TOP,R400,139.5,110.5,180,47K,RC1005,
   SMD_TOP,R401,185,109,180,4.7K,RC6432,
   SMD_TOP,R402,148.5,109,180,4.7K,RC6432,
   SMD_TOP,R403,160,87.5,180,47K,RC1005,
   SMD_TOP,R404,160,102.5,270,1K,RC1005,
   SMD_TOP,R409,197,97.75,90,10K,RC1608,
   SMD_TOP,R410,158,87.5,180,4.7K,RC1005,
   SMD_TOP,R411,160,93.5,0,10K,RC1005,
   SMD_TOP,R412,160,105.5,270,10K,RC1608,
   SMD_TOP,R417,160,94.5,180,47K,RC1005,
   SMD_TOP,R418,155,87.5,180,47K,RC1005,
   SMD_TOP,R419,154.5,102,0,1K,RC1005,
   SMD_TOP,R420,153,87.5,180,4.7K,RC1005,
   SMD_TOP,R421,149,104,0,10K,RC1005,
   SMD_TOP,R422,184.75,104,0,10K,RC1005,
   SMD_TOP,R423,154.5,93,270,10K,RC1005,
   SMD_TOP,R424,155,94.5,180,47K,RC1005,
   SMD_TOP,R426,111,64.75,90,49.9,RC1005,
   SMD_TOP,R427,111,62.75,270,49.9,RC1005,
   SMD_TOP,R428,133.25,39.75,180,100,RC1005,
   SMD_TOP,R45,132.4,57.8,90,100,RC1005,
   SMD_TOP,R48,132.4,61.8,270,100,RC1005,
   SMD_TOP,R49,132.4,59.8,270,100,RC1005,
   SMD_TOP,R5,75.5,45.25,180,330,RC1005,
   SMD_TOP,R50,132.4,55.8,90,100,RC1005,
   SMD_TOP,R56,132.4,51.85,90,100,RC1005,
   SMD_TOP,R57,132.4,53.85,90,100,RC1005,
   SMD_TOP,R6,75.5,43.5,180,330,RC1005,
   SMD_TOP,R7,75.5,41.75,180,330,RC1005,
   SMD_TOP,R772,53.5,68.5,0,4.99K,RC1005,
   SMD_TOP,R773,55.5,68.5,0,15.4K,RC1005,
   SMD_TOP,R79,170.5,68.5,180,20,RC1005,
   SMD_TOP,R8,75.5,40,180,330,RC1005,
   SMD_TOP,R81,170.5,58,180,20,RC1005,
   SMD_TOP,R83,170.5,47.5,180,20,RC1005,
   SMD_TOP,R85,170.5,37,180,20,RC1005,
   SMD_TOP,R9,75.5,38.25,180,330,RC1005,
   SMD_TOP,SW1,43.25,14.25,90,EVQ-Q2P02W,EVQQ2,
   SMD_TOP,SW2,43.25,5.5,270,EVQ-Q2P02W,EVQQ2,
   SMD_TOP,TP_VCNTL1,67.5,22,90,TP,TP0_5_SMD,
   SMD_TOP,TP1,95.75,14.25,0,TP,TP0_5_SMD,
   SMD_TOP,TP11,100.75,101.25,0,CW_I_ADP,TP0_5_SMD,
   SMD_TOP,TP14,100.5,93.25,0,CW_I_ADN,TP0_5_SMD,
   SMD_TOP,TP16,100.5,87.5,0,CW_Q_ADP,TP0_5_SMD,
   SMD_TOP,TP18,84.25,96.75,0,REF_2V5,TP0_5_SMD,
   SMD_TOP,TP19,100.25,77.75,0,CW_Q_ADN,TP0_5_SMD,
   SMD_TOP,TP2,97,14.25,0,TP,TP0_5_SMD,
   SMD_TOP,TP20,26.25,26.25,0,TP,TP0_5_SMD,
   SMD_TOP,TP3,91.5,45.75,0,TP,TP0_5_SMD,
   SMD_TOP,TP31,107.75,84.125,0,SCW_QSUM,TP0_5_SMD,
   SMD_TOP,TP4,93.5,45.75,0,TP,TP0_5_SMD,
   SMD_TOP,TP5,104.75,14.25,0,TP,TP0_5_SMD,
   SMD_TOP,TP6,103.5,14.25,0,TP,TP0_5_SMD,
   SMD_TOP,TP7,177.25,12.75,0,TP,TP0_5_SMD,
   SMD_TOP,TP9,108.125,101.5,0,SCW_ISUM,TP0_5_SMD,
   SMD_TOP,U1,103,30,90,XC7K70T-FB(G)676,BGA676_26_1_SMD,
   SMD_TOP,U11,139,28,270,AFE5818,BGA289_WH15_00_P0_800,
   SMD_TOP,U14,113.75,93,180,OPA2614D,SOP8_3_9_6_1_27,
   SMD_TOP,U16,104.5,97.25,180,THS4131CDGN/TI,DGN8_3_0_65,
   SMD_TOP,U20,104.5,83.25,180,THS4131CDGN/TI,DGN8_3_0_65,
   SMD_TOP,U21,81,92.75,270,AD820ARZ/ADI/SOP8,SOP8_3_9_6_1_27,
   SMD_TOP,U22,91.75,98.75,90,ADS1601IPFBR/TI,QFP48WH8_50P0_500F1_40,
   SMD_TOP,U23,69.5,93,270,OPA2822E/TI/SOP8,MSOP8_3_4_9_0_65,
   SMD_TOP,U24,69.5,98.25,270,OPA2822E/TI/SOP8,MSOP8_3_4_9_0_65,
   SMD_TOP,U25,91.75,83.5,90,ADS1601IPFBR/TI,QFP48WH8_50P0_500F1_40,
   SMD_TOP,U26,28,20,90,FX3_121_BUMP_4,BGA121_WH10_00_P0_800,
   SMD_TOP,U27,6.75,16.5,90,TPD4E05U06__DQA,SOP10W1P0_500F0_55,
   SMD_TOP,U29,6.75,23.6,90,TPD2EUSB30ADRTR,SOT-3P_DRT,
   SMD_TOP,U3,139.5,57,180,STHV1600,BGA144_WH10_40_P0_800,
   SMD_TOP,U30,13.75,27,0,NCP360SNT1G,SOT23-5P,
   SMD_TOP,U31,90.75,59.25,270,IS45S16800F-7TLA1,TSSOP54W12_00P0_800F0_80,
   SMD_TOP,U34,166.5,17.125,90,AT24HC02C-SSHM__,SOP8_3_9_6_1_27,
   SMD_TOP,U4,178,70,270,MAX4968,MAX4968,
   SMD_TOP,U40,70,73,90,TPS74201RGWR,QFN20WH5_00P0_650F0_55H3_00,
   SMD_TOP,U42,109,73.25,90,TPS7A3401DGN,DGN8_3_0_65,
   SMD_TOP,U43,42,60,90,TPS74201RGWR,QFN20WH5_00P0_650F0_55H3_00,
   SMD_TOP,U45,42,73,90,TPS74201RGWR,QFN20WH5_00P0_650F0_55H3_00,
   SMD_TOP,U47,33,47,90,TPS74201RGWR,QFN20WH5_00P0_650F0_55H3_00,
   SMD_TOP,U48,49,90.5,90,LT1962EMS8/Linear__tech,MSOP8_3_4_9_0_65,
   SMD_TOP,U49,52.5,98.5,90,LT1962EMS8/Linear__tech,MSOP8_3_4_9_0_65,
   SMD_TOP,U5,178,59.5,270,MAX4968,MAX4968,
   SMD_TOP,U50,67.75,85.25,180,LT1964EDD#PBF/Linear__tech,DFN8_3_0_5,
   SMD_TOP,U51,67.75,103,270,ADR441ARMZ/ADI,MSOP8_3_4_9_0_65,
   SMD_TOP,U52,78.25,103.5,270,AD820ARZ/ADI,SOP8_3_9_6_1_27,
   SMD_TOP,U53,52.75,106,90,LT1962EMS8-3.3,MSOP8_3_4_9_0_65,
   SMD_TOP,U55,47,47,90,TPS74201RGWR,QFN20WH5_00P0_650F0_55H3_00,
   SMD_TOP,U56,34,63.6,0,LT1962EMS8-5,MSOP8_3_4_9_0_65,
   SMD_TOP,U58,34,31.75,270,TPS74201RGWR,QFN20WH5_00P0_650F0_55H3_00,
   SMD_TOP,U59,193,97.75,0,EL7202CS,SOP8_3_9_6_1_27,
   SMD_TOP,U6,178,49,270,MAX4968,MAX4968,
   SMD_TOP,U60,114,63.75,180,CDCLVD2102RGTR__,QFN16WH3_00P0_500F0_60H1_55,
   SMD_TOP,U7,178,38.5,270,MAX4968,MAX4968,
   SMD_TOP,U78,56,60,90,TPS74201RGWR,QFN20WH5_00P0_650F0_55H3_00,
   SMD_TOP,U79,56,73,90,TPS74201RGWR,QFN20WH5_00P0_650F0_55H3_00,
   SMD_TOP,U83,70,60,90,TPS74201RGWR,QFN20WH5_00P0_650F0_55H3_00,
   SMD_TOP,U84,61.2,47,90,TPS74201RGWR,QFN20WH5_00P0_650F0_55H3_00,
   SMD_TOP,U86,79.75,11.75,90,ADR291GRUZ,MSOP8_3_4_9_0_65,
   SMD_TOP,U87,69.5,17.5,0,OP462HRUZ,TSSOP14_4_4_6_4_0_65,
   SMD_TOP,U88,77.25,17.5,0,AD7305BRUZ,TSSOP20_4_4_6_4_0_65,
   SMD_TOP,U89,63,17.5,0,OP462HRUZ,TSSOP14_4_4_6_4_0_65,
   SMD_TOP,U90,68,7.25,90,OP262,SOP8_3_9_6_1_27,
   SMD_TOP,U91,52.25,9,90,LM1117MPX-3.3,SOT-223,
   SMD_TOP,U92,78.5,7.5,90,LT1964ES5-SD,SOT23-5P,
   SMD_TOP,U93,153.9,12.6,180,LT1962EMS8-5,MSOP8_3_4_9_0_65,
   SMD_TOP,Y1,15.2,20.2,90,ABM10W-19.2000MHZ-4-D1X-T3,NX2520SA,
  SMD_BOTTOM,C10,108,32,180,100nF,CC1005,
  SMD_BOTTOM,C100,111,32,0,100nF,CC1005,
  SMD_BOTTOM,C101,116.25,35,180,100nF,CC1005,
  SMD_BOTTOM,C102,109,31,0,100nF,CC1005,
  SMD_BOTTOM,C103,115,33,0,100nF,CC1005,
  SMD_BOTTOM,C104,113,35,0,100nF,CC1005,
  SMD_BOTTOM,C105,114.75,46.5,270,100uF,CC3225,
  SMD_BOTTOM,C106,117.75,39,180,100uF,CC3225,
  SMD_BOTTOM,C107,91,24,0,100nF,CC1005,
  SMD_BOTTOM,C108,91,31,0,100nF,CC1005,
  SMD_BOTTOM,C109,88.75,38,0,100nF,CC1005,
  SMD_BOTTOM,C11,100,24,90,100nF,CC1005,
  SMD_BOTTOM,C110,91,28,180,100nF,CC1005,
  SMD_BOTTOM,C111,94,26,0,100nF,CC1005,
  SMD_BOTTOM,C112,96,27,0,100nF,CC1005,
  SMD_BOTTOM,C113,82.75,35,90,10uF,CC2012,
  SMD_BOTTOM,C115,93,21.5,90,100nF,CC1005,
  SMD_BOTTOM,C116,96,21.5,90,100nF,CC1005,
  SMD_BOTTOM,C117,98,21.5,90,100nF,CC1005,
  SMD_BOTTOM,C118,100,21,90,100nF,CC1005,
  SMD_BOTTOM,C119,94.5,21.5,90,100nF,CC1005,
  SMD_BOTTOM,C12,97,24.5,90,100nF,CC1005,
  SMD_BOTTOM,C120,86.5,17.5,0,10uF,CC2012,
  SMD_BOTTOM,C121,86.5,19.75,0,10uF,CC2012,
  SMD_BOTTOM,C122,97,19,0,100nF,CC1005,
  SMD_BOTTOM,C123,101,19,0,100nF,CC1005,
  SMD_BOTTOM,C124,92,18,0,100nF,CC1005,
  SMD_BOTTOM,C125,96,18,0,100nF,CC1005,
  SMD_BOTTOM,C126,94,19,180,100nF,CC1005,
  SMD_BOTTOM,C127,90.5,19.5,270,100nF,CC1005,
  SMD_BOTTOM,C128,101,18,180,100nF,CC1005,
  SMD_BOTTOM,C13,103,31,270,100nF,CC1005,
  SMD_BOTTOM,C14,99,23,90,100nF,CC1005,
  SMD_BOTTOM,C141,150,51,180,470nF,CC2012,
  SMD_BOTTOM,C145,150,55.8,180,470nF,CC2012,
  SMD_BOTTOM,C147,150,53.4,180,470nF,CC2012,
  SMD_BOTTOM,C148,150,48.6,180,470nF,CC2012,
  SMD_BOTTOM,C149,150,46.2,180,470nF,CC2012,
  SMD_BOTTOM,C15,99,29,0,100nF,CC1005,
  SMD_BOTTOM,C150,135.6,48.8,90,470nF,CC2012,
  SMD_BOTTOM,C151,142.8,48.8,90,470nF,CC2012,
  SMD_BOTTOM,C155,145.2,48.8,90,470nF,CC2012,
  SMD_BOTTOM,C156,138,48.8,90,470nF,CC2012,
  SMD_BOTTOM,C157,140.4,48.8,90,470nF,CC2012,
  SMD_BOTTOM,C16,100,31,90,100nF,CC1005,
  SMD_BOTTOM,C164,150,68.6,180,470nF,CC2012,
  SMD_BOTTOM,C168,150,59,180,470nF,CC2012,
  SMD_BOTTOM,C169,150,61.4,180,470nF,CC2012,
  SMD_BOTTOM,C17,98,30,0,100nF,CC1005,
  SMD_BOTTOM,C170,150,63.8,180,470nF,CC2012,
  SMD_BOTTOM,C171,150,66.2,180,470nF,CC2012,
  SMD_BOTTOM,C174,138.5,66,270,470nF,CC2012,
  SMD_BOTTOM,C175,143.5,66,270,470nF,CC2012,
  SMD_BOTTOM,C177,136,66,270,470nF,CC2012,
  SMD_BOTTOM,C178,141,66,270,470nF,CC2012,
  SMD_BOTTOM,C179,146,66,270,470nF,CC2012,
  SMD_BOTTOM,C18,101,31,270,100nF,CC1005,
  SMD_BOTTOM,C19,97,26,0,100nF,CC1005,
  SMD_BOTTOM,C196,133.7,56.8,90,100nF,CC1005,
  SMD_BOTTOM,C1963,100.8,64.4,90,100nF,CC1005,
  SMD_BOTTOM,C1964,101.8,64.4,90,100nF,CC1005,
  SMD_BOTTOM,C1965,103.8,64.4,90,1nF,CC1005,
  SMD_BOTTOM,C1966,102.8,64.4,90,100nF,CC1005,
  SMD_BOTTOM,C1972,148.6,22,0,1uF,CC1005,
  SMD_BOTTOM,C1973,148.6,22.8,0,1uF,CC1005,
  SMD_BOTTOM,C1974,148.6,24.4,0,1uF,CC1005,
  SMD_BOTTOM,C1975,148.6,25.2,0,1uF,CC1005,
  SMD_BOTTOM,C1976,148.6,23.6,0,1uF,CC1005,
  SMD_BOTTOM,C1977,148.6,26,0,1uF,CC1005,
  SMD_BOTTOM,C1978,148.6,26.8,0,1uF,CC1005,
  SMD_BOTTOM,C1979,148.6,27.6,0,1uF,CC1005,
  SMD_BOTTOM,C1980,148.6,28.4,0,1uF,CC1005,
  SMD_BOTTOM,C1981,148.6,29.2,0,1uF,CC1005,
  SMD_BOTTOM,C1982,148.6,30,0,1uF,CC1005,
  SMD_BOTTOM,C1983,148.6,30.8,0,1uF,CC1005,
  SMD_BOTTOM,C1984,148.6,31.6,0,1uF,CC1005,
  SMD_BOTTOM,C1985,148.6,32.4,0,1uF,CC1005,
  SMD_BOTTOM,C1986,148.6,33.2,0,1uF,CC1005,
  SMD_BOTTOM,C1987,148.6,34,0,1uF,CC1005,
  SMD_BOTTOM,C20,107,31,180,100nF,CC1005,
  SMD_BOTTOM,C2000,140.6,36.5,90,1uF,CC1005,
  SMD_BOTTOM,C2001,141.4,36.5,90,1uF,CC1005,
  SMD_BOTTOM,C2002,142.2,36.5,90,1uF,CC1005,
  SMD_BOTTOM,C2003,143,36.5,90,1uF,CC1005,
  SMD_BOTTOM,C2020,81.25,12.25,270,10pF,CC1005,
  SMD_BOTTOM,C2021,80.25,12.25,270,220nF,RC1005,
  SMD_BOTTOM,C2022,82.25,12.25,270,100nF,CC1005,
  SMD_BOTTOM,C2023,68.75,14.5,0,100nF,CC1005,
  SMD_BOTTOM,C2024,78.25,12.75,180,100nF,CC1005,
  SMD_BOTTOM,C2025,69.25,18,90,100nF,CC1005,
  SMD_BOTTOM,C2026,78.25,11.75,180,10pF,CC1005,
  SMD_BOTTOM,C2027,75.75,17.75,90,100nF,CC1005,
  SMD_BOTTOM,C2029,71.25,18,90,330pF,RC1005,
  SMD_BOTTOM,C2030,76.75,17.75,90,100nF,CC1005,
  SMD_BOTTOM,C2031,74.75,17.75,90,10pF,CC1005,
  SMD_BOTTOM,C2034,63.5,16.5,180,100nF,CC1005,
  SMD_BOTTOM,C2035,63.5,18.5,180,100nF,CC1005,
  SMD_BOTTOM,C2037,65.5,6,180,100nF,CC1005,
  SMD_BOTTOM,C2038,70,9.5,0,100nF,CC1005,
  SMD_BOTTOM,C21,102,27,270,100nF,CC1005,
  SMD_BOTTOM,C210,135.75,52.85,0,100nF,CC1005,
  SMD_BOTTOM,C211,136.65,51.3,0,100nF,CC1005,
  SMD_BOTTOM,C212,135.75,53.65,0,100nF,CC1005,
  SMD_BOTTOM,C213,136.3,60.6,270,100nF,CC1005,
  SMD_BOTTOM,C215,139.3,57,180,100nF,CC1005,
  SMD_BOTTOM,C216,144.6,54.6,180,100nF,CC1005,
  SMD_BOTTOM,C217,144,53.8,180,100nF,CC1005,
  SMD_BOTTOM,C218,141.3,57,0,100nF,CC1005,
  SMD_BOTTOM,C219,132.3,48.8,0,100nF,CC1005,
  SMD_BOTTOM,C22,104,30,270,100nF,CC1005,
  SMD_BOTTOM,C220,143.8,55.4,180,100nF,CC1005,
  SMD_BOTTOM,C221,143.8,56.2,180,100nF,CC1005,
  SMD_BOTTOM,C222,132.3,50.4,0,100nF,CC1005,
  SMD_BOTTOM,C223,132.3,49.6,0,100nF,CC1005,
  SMD_BOTTOM,C227,144,57.8,180,100nF,CC1005,
  SMD_BOTTOM,C228,144,58.6,180,100nF,CC1005,
  SMD_BOTTOM,C229,144.3,60.7,270,100nF,CC1005,
  SMD_BOTTOM,C230,142.7,59.8,270,100nF,CC1005,
  SMD_BOTTOM,C231,136.35,62.4,0,100nF,CC1005,
  SMD_BOTTOM,C232,137.5,57,0,100nF,CC1005,
  SMD_BOTTOM,C233,133.9,64.1,270,100nF,CC1005,
  SMD_BOTTOM,C234,132.1,64.1,270,100nF,CC1005,
  SMD_BOTTOM,C235,133,64.1,270,100nF,CC1005,
  SMD_BOTTOM,C236,143.1,57,180,100nF,CC1005,
  SMD_BOTTOM,C237,135.75,52.05,0,100nF,CC1005,
  SMD_BOTTOM,C238,137.1,59.8,90,100nF,CC1005,
  SMD_BOTTOM,C239,136.3,57.4,90,100nF,CC1005,
  SMD_BOTTOM,C243,172.5,71,0,100nF,CC1005,
  SMD_BOTTOM,C246,173,68,0,10nF,CC1005,
  SMD_BOTTOM,C247,170.5,74,270,100nF,CC3216,
  SMD_BOTTOM,C248,173,74,270,10nF,CC2012,
  SMD_BOTTOM,C250,172.5,60.5,0,100nF,CC1005,
  SMD_BOTTOM,C253,173,57.5,0,10nF,CC1005,
  SMD_BOTTOM,C254,170.5,63.5,270,100nF,CC3216,
  SMD_BOTTOM,C255,173,63.5,270,10nF,CC2012,
  SMD_BOTTOM,C257,172.5,50,0,100nF,CC1005,
  SMD_BOTTOM,C26,105,32,180,100nF,CC1005,
  SMD_BOTTOM,C260,173,47,0,10nF,CC1005,
  SMD_BOTTOM,C261,170.5,53,270,100nF,CC3216,
  SMD_BOTTOM,C262,173,53,270,10nF,CC2012,
  SMD_BOTTOM,C264,172.5,39.5,0,100nF,CC1005,
  SMD_BOTTOM,C267,173,36.5,0,10nF,CC1005,
  SMD_BOTTOM,C268,170.5,42.5,270,100nF,CC3216,
  SMD_BOTTOM,C269,173,42.5,270,10nF,CC2012,
  SMD_BOTTOM,C27,102,23,90,100nF,CC1005,
  SMD_BOTTOM,C271,174,14.875,0,100nF,CC1005,
  SMD_BOTTOM,C272,181.25,30.75,0,22pF,CC1005,
  SMD_BOTTOM,C273,181.125,28.25,0,22pF,CC1005,
  SMD_BOTTOM,C274,181.25,25.75,0,22pF,CC1005,
  SMD_BOTTOM,C275,181.25,23.25,0,22pF,CC1005,
  SMD_BOTTOM,C277,181.25,20.75,0,22pF,CC1005,
  SMD_BOTTOM,C278,181.25,18.25,0,22pF,CC1005,
  SMD_BOTTOM,C279,181.25,15.75,0,22pF,CC1005,
  SMD_BOTTOM,C28,105,30,270,100nF,CC1005,
  SMD_BOTTOM,C280,181.25,13.25,0,22pF,CC1005,
  SMD_BOTTOM,C282,145.4,22.8,0,15nF,CC1005,
  SMD_BOTTOM,C283,145.4,23.6,0,15nF,CC1005,
  SMD_BOTTOM,C286,145.4,22,0,15nF,CC1005,
  SMD_BOTTOM,C289,145.4,24.4,0,15nF,CC1005,
  SMD_BOTTOM,C29,84.25,24.75,270,10uF,CC2012,
  SMD_BOTTOM,C290,145.4,25.2,0,15nF,CC1005,
  SMD_BOTTOM,C292,145.4,26,0,15nF,CC1005,
  SMD_BOTTOM,C294,145.4,26.8,0,15nF,CC1005,
  SMD_BOTTOM,C296,145.4,27.6,0,15nF,CC1005,
  SMD_BOTTOM,C298,145.4,28.4,0,15nF,CC1005,
  SMD_BOTTOM,C3,96.75,13.25,0,10pF,CC1005,
  SMD_BOTTOM,C302,145.4,29.2,0,15nF,CC1005,
  SMD_BOTTOM,C304,145.4,30,0,15nF,CC1005,
  SMD_BOTTOM,C306,145.4,30.8,0,15nF,CC1005,
  SMD_BOTTOM,C31,80.25,24.75,270,10uF,CC2012,
  SMD_BOTTOM,C310,145.4,31.6,0,15nF,CC1005,
  SMD_BOTTOM,C315,145.4,32.4,0,15nF,CC1005,
  SMD_BOTTOM,C317,145.4,33.2,0,15nF,CC1005,
  SMD_BOTTOM,C319,145.4,34,0,15nF,CC1005,
  SMD_BOTTOM,C32,108,29.5,270,100nF,CC1005,
  SMD_BOTTOM,C320,142.6,24,90,100nF,CC1005,
  SMD_BOTTOM,C321,143.4,29.7,270,100nF,CC1005,
  SMD_BOTTOM,C322,137,23.3,90,100nF,CC1005,
  SMD_BOTTOM,C324,136,26,0,100nF,CC1005,
  SMD_BOTTOM,C325,138,36.1,180,10uF,TC2012,
  SMD_BOTTOM,C326,141.8,28.8,90,100nF,CC1005,
  SMD_BOTTOM,C327,138.6,28.8,90,100nF,CC1005,
  SMD_BOTTOM,C328,141.8,26.4,270,100nF,CC1005,
  SMD_BOTTOM,C329,140.2,31.2,270,100nF,CC1005,
  SMD_BOTTOM,C33,102,31,90,100nF,CC1005,
  SMD_BOTTOM,C330,140.7,20.5,180,100nF,CC1005,
  SMD_BOTTOM,C331,139.4,31.2,270,100nF,CC1005,
  SMD_BOTTOM,C332,138.6,31.2,270,100nF,CC1005,
  SMD_BOTTOM,C333,141,24,90,100nF,CC1005,
  SMD_BOTTOM,C335,143.4,27.3,90,100nF,CC1005,
  SMD_BOTTOM,C336,142.6,29.7,90,100nF,CC1005,
  SMD_BOTTOM,C337,142.6,27.9,270,100nF,CC1005,
  SMD_BOTTOM,C338,143.4,24.7,270,100nF,CC1005,
  SMD_BOTTOM,C339,136,25.2,0,100nF,CC1005,
  SMD_BOTTOM,C340,136.6,30,0,100nF,CC1005,
  SMD_BOTTOM,C341,136.6,29.2,0,100nF,CC1005,
  SMD_BOTTOM,C343,136.6,30.8,0,100nF,CC1005,
  SMD_BOTTOM,C344,141,28.8,90,100nF,CC1005,
  SMD_BOTTOM,C345,140.2,28.8,90,100nF,CC1005,
  SMD_BOTTOM,C346,139.4,28.8,90,100nF,CC1005,
  SMD_BOTTOM,C347,141,26.4,270,100nF,CC1005,
  SMD_BOTTOM,C348,141.8,24,90,100nF,CC1005,
  SMD_BOTTOM,C349,140.7,21.3,180,100nF,CC1005,
  SMD_BOTTOM,C35,106,29,270,100nF,CC1005,
  SMD_BOTTOM,C350,140.2,26.4,270,100nF,CC1005,
  SMD_BOTTOM,C351,139.4,26.4,270,100nF,CC1005,
  SMD_BOTTOM,C352,138.6,26.4,270,100nF,CC1005,
  SMD_BOTTOM,C353,137.8,26.4,270,100nF,CC1005,
  SMD_BOTTOM,C354,140.2,24,90,100nF,CC1005,
  SMD_BOTTOM,C355,140.2,19.3,90,100nF,CC1005,
  SMD_BOTTOM,C356,139.4,19.3,90,100nF,CC1005,
  SMD_BOTTOM,C357,138.6,19.3,90,100nF,CC1005,
  SMD_BOTTOM,C358,141.8,31.2,270,100nF,CC1005,
  SMD_BOTTOM,C359,137.8,19.3,90,100nF,CC1005,
  SMD_BOTTOM,C36,106,25,270,100nF,CC1005,
  SMD_BOTTOM,C360,139.4,24,90,100nF,CC1005,
  SMD_BOTTOM,C361,138.6,24,90,100nF,CC1005,
  SMD_BOTTOM,C362,137.8,24,90,100nF,CC1005,
  SMD_BOTTOM,C363,137,19.3,90,100nF,CC1005,
  SMD_BOTTOM,C364,136.6,31.6,180,100nF,CC1005,
  SMD_BOTTOM,C365,130.6,36.4,90,100nF,CC1005,
  SMD_BOTTOM,C366,137.4,34,180,100nF,CC1005,
  SMD_BOTTOM,C367,131.4,36.4,90,100nF,CC1005,
  SMD_BOTTOM,C368,131.4,19.4,90,100nF,CC1005,
  SMD_BOTTOM,C369,129.8,19.4,90,100nF,CC1005,
  SMD_BOTTOM,C37,104,24,180,100nF,CC1005,
  SMD_BOTTOM,C370,134.6,20.8,90,100nF,CC1005,
  SMD_BOTTOM,C371,133.8,36.4,90,100nF,CC1005,
  SMD_BOTTOM,C372,133.8,19.7,90,100nF,CC1005,
  SMD_BOTTOM,C373,136.2,21.6,90,100nF,CC1005,
  SMD_BOTTOM,C374,129.6,39.6,0,10uF,TC2012,
  SMD_BOTTOM,C375,132.2,36.4,90,100nF,CC1005,
  SMD_BOTTOM,C376,133,36.4,90,100nF,CC1005,
  SMD_BOTTOM,C377,129.8,36.4,90,100nF,CC1005,
  SMD_BOTTOM,C378,130.6,19.4,90,100nF,CC1005,
  SMD_BOTTOM,C379,132.2,19.9,90,100nF,CC1005,
  SMD_BOTTOM,C38,104,26,180,100nF,CC1005,
  SMD_BOTTOM,C380,135.4,32.8,90,100nF,CC1005,
  SMD_BOTTOM,C381,134.6,33.4,270,100nF,CC1005,
  SMD_BOTTOM,C382,138.2,32.4,180,100nF,CC1005,
  SMD_BOTTOM,C383,137.4,33.2,180,100nF,CC1005,
  SMD_BOTTOM,C384,133,18.8,90,100nF,CC1005,
  SMD_BOTTOM,C385,135.4,20.8,90,100nF,CC1005,
  SMD_BOTTOM,C386,130.2,34.3,0,100nF,CC1005,
  SMD_BOTTOM,C387,130.2,33.2,0,100nF,CC1005,
  SMD_BOTTOM,C388,129.9,31.7,0,100nF,CC1005,
  SMD_BOTTOM,C389,129,30.5,0,100nF,CC1005,
  SMD_BOTTOM,C39,100,27,90,100nF,CC1005,
  SMD_BOTTOM,C390,129.2,21.9,0,100nF,CC1005,
  SMD_BOTTOM,C391,130.4,24.4,0,100nF,CC1005,
  SMD_BOTTOM,C392,129.5,26.1,0,100nF,CC1005,
  SMD_BOTTOM,C393,130.6,23.1,0,100nF,CC1005,
  SMD_BOTTOM,C394,126.8,19.1,270,10uF,TC2012,
  SMD_BOTTOM,C395,114.375,88.75,0,1uF,CC2012,
  SMD_BOTTOM,C397,114.375,90.75,0,100nF,CC2012,
  SMD_BOTTOM,C40,101,27,270,100nF,CC1005,
  SMD_BOTTOM,C402,113.375,95.5,180,100nF,CC2012,
  SMD_BOTTOM,C403,113.375,93.5,180,1uF,CC2012,
  SMD_BOTTOM,C41,104,25,0,100nF,CC1005,
  SMD_BOTTOM,C417,103.25,90.875,90,10uF,TC3528,
  SMD_BOTTOM,C418,104.25,95.25,270,100nF,CC1005,
  SMD_BOTTOM,C42,106,27,180,100nF,CC1005,
  SMD_BOTTOM,C428,104.25,99.25,270,100nF,CC1005,
  SMD_BOTTOM,C429,107.5,90.875,90,10uF,TC3528,
  SMD_BOTTOM,C45,104.25,13.25,180,100nF,CC1005,
  SMD_BOTTOM,C452,104.25,81.25,270,100nF,CC1005,
  SMD_BOTTOM,C462,104.25,85.25,270,100nF,CC1005,
  SMD_BOTTOM,C469,89.75,102.75,180,1uF,CC1005,
  SMD_BOTTOM,C470,89.75,103.75,180,100nF,CC1005,
  SMD_BOTTOM,C471,89.25,95,180,1uF,CC1005,
  SMD_BOTTOM,C472,87.75,97,180,1uF,CC1005,
  SMD_BOTTOM,C473,91.75,103.75,0,1uF,CC1005,
  SMD_BOTTOM,C474,89.25,94,180,100nF,CC1005,
  SMD_BOTTOM,C475,87.75,96,180,100nF,CC1005,
  SMD_BOTTOM,C476,91.75,102.75,0,100nF,CC1005,
  SMD_BOTTOM,C477,91.75,84.625,0,47uF,CC3225,
  SMD_BOTTOM,C478,90.75,81.875,0,4.7uF,CC1608,
  SMD_BOTTOM,C479,93.5,81.125,180,1uF,CC1005,
  SMD_BOTTOM,C48,115,28,180,100nF,CC1005,
  SMD_BOTTOM,C480,93.5,82.125,180,100nF,CC1005,
  SMD_BOTTOM,C481,96,101.25,0,1uF,CC1005,
  SMD_BOTTOM,C482,96,100.25,0,1uF,CC1005,
  SMD_BOTTOM,C483,96,98.5,0,1uF,CC1005,
  SMD_BOTTOM,C484,96,96.75,0,1uF,CC1005,
  SMD_BOTTOM,C485,91.25,95,0,1uF,CC1005,
  SMD_BOTTOM,C486,96,102,0,100nF,CC1005,
  SMD_BOTTOM,C487,96,99.5,0,100nF,CC1005,
  SMD_BOTTOM,C488,96,97.75,0,100nF,CC1005,
  SMD_BOTTOM,C489,96,96,0,100nF,CC1005,
  SMD_BOTTOM,C49,111,23,90,100nF,CC1005,
  SMD_BOTTOM,C490,91.25,94,0,100nF,CC1005,
  SMD_BOTTOM,C491,69.75,93.5,90,100nF,CC1005,
  SMD_BOTTOM,C492,93.625,94.125,0,100nF,CC1005,
  SMD_BOTTOM,C493,96,91,90,10uF,CC2012,
  SMD_BOTTOM,C496,93.75,91,90,10uF,CC2012,
  SMD_BOTTOM,C498,91.5,91,90,10uF,CC2012,
  SMD_BOTTOM,C50,109,22,90,100nF,CC1005,
  SMD_BOTTOM,C502,69.75,98.75,90,100nF,CC1005,
  SMD_BOTTOM,C505,89.25,78.875,180,1uF,CC1005,
  SMD_BOTTOM,C506,89.25,79.75,180,100nF,CC1005,
  SMD_BOTTOM,C507,87.75,81.75,180,1uF,CC1005,
  SMD_BOTTOM,C508,92,87.25,0,1uF,CC1005,
  SMD_BOTTOM,C509,89.5,88.25,180,1uF,CC1005,
  SMD_BOTTOM,C51,113,20,90,100nF,CC1005,
  SMD_BOTTOM,C510,87.75,80.75,180,100nF,CC1005,
  SMD_BOTTOM,C511,92,88.25,0,100nF,CC1005,
  SMD_BOTTOM,C512,89.5,87.25,180,100nF,CC1005,
  SMD_BOTTOM,C513,91.75,99.75,0,47uF,CC3225,
  SMD_BOTTOM,C514,90.75,97,0,4.7uF,CC1608,
  SMD_BOTTOM,C515,93.25,97.25,180,1uF,CC1005,
  SMD_BOTTOM,C516,93.25,96.25,180,100nF,CC1005,
  SMD_BOTTOM,C517,96,86.75,0,1uF,CC1005,
  SMD_BOTTOM,C518,96,85,0,1uF,CC1005,
  SMD_BOTTOM,C519,96,83.25,0,1uF,CC1005,
  SMD_BOTTOM,C52,110,28,0,100nF,CC1005,
  SMD_BOTTOM,C520,96,81.5,0,1uF,CC1005,
  SMD_BOTTOM,C521,91.25,79.75,0,1uF,CC1005,
  SMD_BOTTOM,C522,96,86,0,100nF,CC1005,
  SMD_BOTTOM,C523,96,84.25,0,100nF,CC1005,
  SMD_BOTTOM,C524,96,82.5,0,100nF,CC1005,
  SMD_BOTTOM,C525,96,80.75,0,100nF,CC1005,
  SMD_BOTTOM,C526,91.25,78.875,0,100nF,CC1005,
  SMD_BOTTOM,C527,93.5,79.125,0,100nF,CC1005,
  SMD_BOTTOM,C528,95.5,76.25,90,10uF,CC2012,
  SMD_BOTTOM,C53,109,20,0,100nF,CC1005,
  SMD_BOTTOM,C530,93.5,76.25,90,10uF,CC2012,
  SMD_BOTTOM,C533,91.25,76.25,90,10uF,CC2012,
  SMD_BOTTOM,C535,42,15.5,180,100nF,CC1005,
  SMD_BOTTOM,C536,42.5,7,0,100nF,CC1005,
  SMD_BOTTOM,C537,14.6,20.6,90,13pF,CC1005,
  SMD_BOTTOM,C538,15.8,19.8,270,13pF,CC1005,
  SMD_BOTTOM,C54,111,19,270,100nF,CC1005,
  SMD_BOTTOM,C545,27.6,24,90,100nF,CC1005,
  SMD_BOTTOM,C546,32,26.4,90,100nF,CC1005,
  SMD_BOTTOM,C547,31,26.4,90,100nF,CC1005,
  SMD_BOTTOM,C548,33.6,20.4,0,100nF,CC1005,
  SMD_BOTTOM,C549,21.2,25.8,180,100nF,CC1005,
  SMD_BOTTOM,C55,115.25,25,180,100nF,CC1005,
  SMD_BOTTOM,C550,33.6,17.8,0,100nF,CC1005,
  SMD_BOTTOM,C551,31,15.4,0,100nF,CC1005,
  SMD_BOTTOM,C552,33.6,18.8,0,100nF,CC1005,
  SMD_BOTTOM,C553,26,16,270,100nF,CC1005,
  SMD_BOTTOM,C554,28,26.4,90,10nF,CC1005,
  SMD_BOTTOM,C555,23,23,90,100nF,CC1005,
  SMD_BOTTOM,C556,21.6,23,90,2.2uF,CC1608,
  SMD_BOTTOM,C557,24,18,180,100nF,CC1005,
  SMD_BOTTOM,C559,23,16.4,270,100nF,CC1005,
  SMD_BOTTOM,C56,117,22,180,100nF,CC1005,
  SMD_BOTTOM,C560,21.6,16,270,22uF,CC1608,
  SMD_BOTTOM,C561,23.2,19,180,100nF,CC1005,
  SMD_BOTTOM,C562,23.2,19.8,180,10nF,CC1005,
  SMD_BOTTOM,C563,23.8,23,270,100nF,CC1005,
  SMD_BOTTOM,C564,21.2,27.2,180,2.2uF,CC1608,
  SMD_BOTTOM,C565,23.8,15,180,100nF,CC1005,
  SMD_BOTTOM,C566,23.8,14.2,180,10nF,CC1005,
  SMD_BOTTOM,C567,27.8,14.2,0,100nF,CC1005,
  SMD_BOTTOM,C568,27.8,15,0,10nF,CC1005,
  SMD_BOTTOM,C569,29,26.4,90,100nF,CC1005,
  SMD_BOTTOM,C57,106,19,0,100nF,CC1005,
  SMD_BOTTOM,C570,30,26.4,90,10nF,CC1005,
  SMD_BOTTOM,C571,24,25.8,90,100nF,CC1005,
  SMD_BOTTOM,C572,25,25.8,90,10nF,CC1005,
  SMD_BOTTOM,C573,27,16.8,270,100nF,CC1005,
  SMD_BOTTOM,C574,33.6,22.8,0,100nF,CC1005,
  SMD_BOTTOM,C575,33.6,21.8,0,10nF,CC1005,
  SMD_BOTTOM,C58,107,25,90,100nF,CC1005,
  SMD_BOTTOM,C59,113,18,0,100nF,CC1005,
  SMD_BOTTOM,C594,22.75,70.75,0,1uF,CC1608,
  SMD_BOTTOM,C595,22.75,69.5,0,100nF,CC1005,
  SMD_BOTTOM,C596,22.75,68.5,0,1nF,CC1005,
  SMD_BOTTOM,C599,22.25,66,0,10uF,TC2012,
  SMD_BOTTOM,C600,22.25,64.25,0,1uF,CC1608,
  SMD_BOTTOM,C601,22.25,63,0,100nF,CC1005,
  SMD_BOTTOM,C602,22.25,62,0,1nF,CC1005,
  SMD_BOTTOM,C609,86.25,24.75,270,10uF,CC2012,
  SMD_BOTTOM,C610,82.25,24.75,270,10uF,CC2012,
  SMD_BOTTOM,C613,22,38.5,0,1uF,CC1608,
  SMD_BOTTOM,C614,22,37.25,0,100nF,CC1005,
  SMD_BOTTOM,C615,22,36.25,0,1nF,CC1005,
  SMD_BOTTOM,C616,22,40.5,0,10UF,TC2012,
  SMD_BOTTOM,C617,22.5,52,180,1uF,CC1608,
  SMD_BOTTOM,C618,22.5,49.75,180,100nF,CC1005,
  SMD_BOTTOM,C619,22.5,50.75,180,1nF,CC1005,
  SMD_BOTTOM,C62,100,38,0,100nF,CC1005,
  SMD_BOTTOM,C625,22,45.75,0,1uF,CC1608,
  SMD_BOTTOM,C626,22,43.5,0,100nF,CC1005,
  SMD_BOTTOM,C627,22,44.5,0,1nF,CC1005,
  SMD_BOTTOM,C628,22,47.5,0,10UF,TC2012,
  SMD_BOTTOM,C629,22.25,58.75,0,10UF,TC2012,
  SMD_BOTTOM,C63,100,35,0,100nF,CC1005,
  SMD_BOTTOM,C630,22.25,57,0,1uF,CC1608,
  SMD_BOTTOM,C631,22.25,54.75,0,100nF,CC1005,
  SMD_BOTTOM,C632,22.25,55.75,0,1nF,CC1005,
  SMD_BOTTOM,C64,91,33,90,100nF,CC1005,
  SMD_BOTTOM,C65,94,36,0,100nF,CC1005,
  SMD_BOTTOM,C66,93,39,0,100nF,CC1005,
  SMD_BOTTOM,C67,96,40,0,100nF,CC1005,
  SMD_BOTTOM,C68,95,44,270,100nF,CC1005,
  SMD_BOTTOM,C69,91.6,42,0,100nF,CC1005,
  SMD_BOTTOM,C70,97,37,0,100nF,CC1005,
  SMD_BOTTOM,C71,101,22,90,100nF,CC1005,
  SMD_BOTTOM,C717,87.8,70.95,0,100nF,CC1005,
  SMD_BOTTOM,C718,87.8,68.1,0,10nF,CC1005,
  SMD_BOTTOM,C719,87.8,69.6,0,1nF,CC1005,
  SMD_BOTTOM,C72,106,21,90,100nF,CC1005,
  SMD_BOTTOM,C73,98,34,0,100nF,CC1005,
  SMD_BOTTOM,C74,104,22,90,100nF,CC1005,
  SMD_BOTTOM,C75,95,33,0,100nF,CC1005,
  SMD_BOTTOM,C76,96.75,46.75,0,10uF,CC2012,
  SMD_BOTTOM,C77,80.5,35,90,10uF,CC2012,
  SMD_BOTTOM,C79,99,41,0,100nF,CC1005,
  SMD_BOTTOM,C8,98.5,25.5,90,100nF,CC1005,
  SMD_BOTTOM,C80,112,41,0,100nF,CC1005,
  SMD_BOTTOM,C81,102,42,0,100nF,CC1005,
  SMD_BOTTOM,C82,104.5,38,180,100nF,CC1005,
  SMD_BOTTOM,C83,113,39,0,100nF,CC1005,
  SMD_BOTTOM,C84,115,42,90,100nF,CC1005,
  SMD_BOTTOM,C85,108,39,180,100nF,CC1005,
  SMD_BOTTOM,C86,109,34,180,100nF,CC1005,
  SMD_BOTTOM,C87,109,41,0,100nF,CC1005,
  SMD_BOTTOM,C88,103,36,0,100nF,CC1005,
  SMD_BOTTOM,C89,109,37,180,100nF,CC1005,
  SMD_BOTTOM,C9,103,29,90,100nF,CC1005,
  SMD_BOTTOM,C90,112,37,180,100nF,CC1005,
  SMD_BOTTOM,C91,107,33,180,100nF,CC1005,
  SMD_BOTTOM,C92,118.5,46,270,100uF,CC3225,
  SMD_BOTTOM,C93,111,35.5,90,100nF,CC1005,
  SMD_BOTTOM,C94,113,40,0,100nF,CC1005,
  SMD_BOTTOM,C95,108,40,180,100nF,CC1005,
  SMD_BOTTOM,C96,107,43.25,180,100nF,CC1005,
  SMD_BOTTOM,C97,114,42,270,100nF,CC1005,
  SMD_BOTTOM,C98,110,39,90,100nF,CC1005,
  SMD_BOTTOM,C99,112,34,180,100nF,CC1005,
  SMD_BOTTOM,FB109,84.25,70.75,180,BLM18PG181SN1,BEAD1608,
  SMD_BOTTOM,FB11,172,48.625,0,BLM18AG121SN1,BEAD1608,
  SMD_BOTTOM,FB14,172,38,0,BLM18AG121SN1,BEAD1608,
  SMD_BOTTOM,FB17,19.8,14.8,90,MPZ2012S601A,BEAD2012,
  SMD_BOTTOM,FB18,15.6,12.2,90,MPZ2012S601A,BEAD2012,
  SMD_BOTTOM,FB19,13,12.2,90,MPZ2012S601A,BEAD2012,
  SMD_BOTTOM,FB2,87.25,14,180,BLM41PG750SN1,BEAD4516,
  SMD_BOTTOM,FB3,101.5,10,180,BLM41PG750SN1,BEAD4516,
  SMD_BOTTOM,FB5,172.25,69.625,0,BLM18AG121SN1,BEAD1608,
  SMD_BOTTOM,FB8,172,59,0,BLM18AG121SN1,BEAD1608,
  SMD_BOTTOM,FB84,20,23,90,BLM18PG181SN1,BEAD1608,
  SMD_BOTTOM,L10,156,47.8,0,10uH/MLF2012E100KT,BEAD2012,
  SMD_BOTTOM,L11,160.6,47.8,0,10uH/MLF2012E100KT,BEAD2012,
  SMD_BOTTOM,L12,156,51.4,0,10uH/MLF2012E100KT,BEAD2012,
  SMD_BOTTOM,L13,160.6,51.4,0,10uH/MLF2012E100KT,BEAD2012,
  SMD_BOTTOM,L14,156,44.2,0,10uH/MLF2012E100KT,BEAD2012,
  SMD_BOTTOM,L15,160.6,44.2,0,10uH/MLF2012E100KT,BEAD2012,
  SMD_BOTTOM,L16,160.6,40.6,0,10uH/MLF2012E100KT,BEAD2012,
  SMD_BOTTOM,L17,156,40.6,0,10uH/MLF2012E100KT,BEAD2012,
  SMD_BOTTOM,L2,156,55,0,10uH/MLF2012E100KT,BEAD2012,
  SMD_BOTTOM,L3,160.6,55,0,10uH/MLF2012E100KT,BEAD2012,
  SMD_BOTTOM,L4,156,58.6,0,10uH/MLF2012E100KT,BEAD2012,
  SMD_BOTTOM,L5,160.6,58.6,0,10uH/MLF2012E100KT,BEAD2012,
  SMD_BOTTOM,L6,160.6,65.8,0,10uH/MLF2012E100KT,BEAD2012,
  SMD_BOTTOM,L7,156,65.8,0,10uH/MLF2012E100KT,BEAD2012,
  SMD_BOTTOM,L8,156,62.2,0,10uH/MLF2012E100KT,BEAD2012,
  SMD_BOTTOM,L9,160.6,62.2,0,10uH/MLF2012E100KT,BEAD2012,
  SMD_BOTTOM,R100,183.25,30.75,0,4.99K,RC1005,
  SMD_BOTTOM,R101,183.5,28.25,0,4.99K,RC1005,
  SMD_BOTTOM,R102,183.5,25.75,0,4.99K,RC1005,
  SMD_BOTTOM,R1022,166,71.5,0,1K,RC2012,
  SMD_BOTTOM,R1024,166,69.25,0,1K,RC2012,
  SMD_BOTTOM,R1026,166,67,0,1K,RC2012,
  SMD_BOTTOM,R103,183.5,23.25,0,4.99K,RC1005,
  SMD_BOTTOM,R1031,166,62.5,0,1K,RC2012,
  SMD_BOTTOM,R1033,166,60.25,0,1K,RC2012,
  SMD_BOTTOM,R1037,166,58,0,1K,RC2012,
  SMD_BOTTOM,R1039,166,55.75,0,1K,RC2012,
  SMD_BOTTOM,R1040,166,64.75,0,1K,RC2012,
  SMD_BOTTOM,R1041,166,44.5,0,1K,RC2012,
  SMD_BOTTOM,R1043,166,42.25,0,1K,RC2012,
  SMD_BOTTOM,R1045,166,40,0,1K,RC2012,
  SMD_BOTTOM,R1047,166,37.75,0,1K,RC2012,
  SMD_BOTTOM,R1051,166,53.5,0,1K,RC2012,
  SMD_BOTTOM,R1053,166,51.25,0,1K,RC2012,
  SMD_BOTTOM,R1055,166,49,0,1K,RC2012,
  SMD_BOTTOM,R1057,166,46.75,0,1K,RC2012,
  SMD_BOTTOM,R1074,129.4,46.2,90,10K,RC1608,
  SMD_BOTTOM,R111,183.5,21.75,0,10K,RC1005,
  SMD_BOTTOM,R112,183.5,19.25,0,10K,RC1005,
  SMD_BOTTOM,R113,183.5,16.75,0,10K,RC1005,
  SMD_BOTTOM,R114,183.5,14.25,0,10K,RC1005,
  SMD_BOTTOM,R115,183.5,20.75,0,4.99K,RC1005,
  SMD_BOTTOM,R116,183.5,18.25,0,4.99K,RC1005,
  SMD_BOTTOM,R117,183.5,15.75,0,4.99K,RC1005,
  SMD_BOTTOM,R118,183.5,13.25,0,4.99K,RC1005,
  SMD_BOTTOM,R1397,149,38.8,180,2K,RC1608,
  SMD_BOTTOM,R1398,151.8,38.8,0,2K,RC1608,
  SMD_BOTTOM,R1401,144.9,38.7,0,2K,RC1608,
  SMD_BOTTOM,R1403,142.1,38.7,180,2K,RC1608,
  SMD_BOTTOM,R1405,138,39.8,90,2K,RC1608,
  SMD_BOTTOM,R1406,135.2,42.8,90,2K,RC1608,
  SMD_BOTTOM,R1407,135.2,39.8,270,2K,RC1608,
  SMD_BOTTOM,R1408,138,42.8,270,2K,RC1608,
  SMD_BOTTOM,R1417,70.75,14.5,0,6.34K,RC1005,
  SMD_BOTTOM,R1418,70.75,15.5,180,6.34K,RC1005,
  SMD_BOTTOM,R1419,70.75,16.5,0,4.22K,RC1005,
  SMD_BOTTOM,R1420,70.25,18,270,4.22K,RC1005,
  SMD_BOTTOM,R1429,67.5,18,90,4.7K,RC1005,
  SMD_BOTTOM,R1437,67.5,16,270,2.87K,RC1005,
  SMD_BOTTOM,R1446,130.9,44,90,0,RC1005,
  SMD_BOTTOM,R1465,134.1,55.35,180,0,RC1005,
  SMD_BOTTOM,R201,87.75,99,0,R/DNI,RC1005,
  SMD_BOTTOM,R202,87.75,98,0,R/DNI,RC1005,
  SMD_BOTTOM,R207,87.75,100,0,R/DNI,RC1005,
  SMD_BOTTOM,R220,87.75,83.75,0,R/DNI,RC1005,
  SMD_BOTTOM,R221,87.75,82.75,0,R/DNI,RC1005,
  SMD_BOTTOM,R223,87.75,84.75,0,R/DNI,RC1005,
  SMD_BOTTOM,R225,28.5,11.5,270,22,RC1005,
  SMD_BOTTOM,R229,34.5,11.5,270,22,RC1005,
  SMD_BOTTOM,R231,26.5,11.5,270,22,RC1005,
  SMD_BOTTOM,R234,27.5,11.5,270,22,RC1005,
  SMD_BOTTOM,R238,33.5,11.5,270,22,RC1005,
  SMD_BOTTOM,R247,31.5,11.5,270,22,RC1005,
  SMD_BOTTOM,R248,24.5,11.5,270,22,RC1005,
  SMD_BOTTOM,R25,107,13.75,90,0/DNI,RC1005,
  SMD_BOTTOM,R250,29.5,11.5,270,22,RC1005,
  SMD_BOTTOM,R256,30.5,11.5,270,22,RC1005,
  SMD_BOTTOM,R257,25.5,11.5,270,22,RC1005,
  SMD_BOTTOM,R259,32.5,11.5,270,22,RC1005,
  SMD_BOTTOM,R260,23.5,11.5,270,22,RC1005,
  SMD_BOTTOM,R27,106,13.75,90,0/DNI,RC1005,
  SMD_BOTTOM,R270,42,14,180,100K,RC1608,
  SMD_BOTTOM,R278,37.5,15,0,10K,RC1608,
  SMD_BOTTOM,R284,37.5,16.75,0,10K,RC1608,
  SMD_BOTTOM,R29,101.25,13.75,90,0/DNI,RC1005,
  SMD_BOTTOM,R290,37.5,18.5,0,10K,RC1608,
  SMD_BOTTOM,R291,26,24,270,2K,RC1005,
  SMD_BOTTOM,R292,26.8,24,270,2K,RC1005,
  SMD_BOTTOM,R301,26.4,22,180,6.04K,RC1005,
  SMD_BOTTOM,R31,97.25,10.25,0,0,RC1005,
  SMD_BOTTOM,R32,97.25,9.25,0,0/DNI,RC1005,
  SMD_BOTTOM,R356,31.25,95.625,0,26.1K,RC3216,
  SMD_BOTTOM,R357,31.25,98.625,0,26.1K,RC3216,
  SMD_BOTTOM,R358,31.25,103.25,0,26.1K,RC3216,
  SMD_BOTTOM,R359,31.25,106.25,0,26.1K,RC3216,
  SMD_BOTTOM,R360,31.25,79.125,0,26.1K,RC3216,
  SMD_BOTTOM,R361,31.25,82.125,0,26.1K,RC3216,
  SMD_BOTTOM,R362,31.25,87.875,0,26.1K,RC3216,
  SMD_BOTTOM,R363,31.25,90.875,0,26.1K,RC3216,
  SMD_BOTTOM,R405,174.5,97.5,0,120,RC6432,
  SMD_BOTTOM,R406,174.5,93.5,0,120,RC6432,
  SMD_BOTTOM,R407,174.5,89.5,0,120,RC6432,
  SMD_BOTTOM,R408,174.5,85.5,0,120,RC6432,
  SMD_BOTTOM,R413,139.5,97.5,0,120,RC6432,
  SMD_BOTTOM,R414,139.5,85.5,0,120,RC6432,
  SMD_BOTTOM,R415,139.5,89.5,0,120,RC6432,
  SMD_BOTTOM,R416,139.5,93.5,0,120,RC6432,
  SMD_BOTTOM,R425,39.75,7,180,100K,RC1608,
  SMD_BOTTOM,R429,132.6,28,270,100,RC1005,
  SMD_BOTTOM,R46,134.8,61.4,90,100,RC1005,
  SMD_BOTTOM,R47,134.9,59,90,100,RC1005,
  SMD_BOTTOM,R53,130.9,46.2,270,10K,RC1608,
  SMD_BOTTOM,R58,133.7,59.1,270,0/DNI,RC1608,
  SMD_BOTTOM,R61,135.9,55.35,180,0/DNI,RC1005,
  SMD_BOTTOM,R64,135,56.9,180,0,RC1005,
  SMD_BOTTOM,R65,135.3,54.55,0,0,RC1005,
  SMD_BOTTOM,R66,132.8,54.5,0,0,RC1005,
  SMD_BOTTOM,R80,173,67,0,20,RC1005,
  SMD_BOTTOM,R82,173,56.5,0,20,RC1005,
  SMD_BOTTOM,R84,173,46,0,20,RC1005,
  SMD_BOTTOM,R86,173,35.5,0,20,RC1005,
  SMD_BOTTOM,R87,163.875,19.875,0,10K/DNI,RC1005,
  SMD_BOTTOM,R88,163.875,21.875,0,10K/DNI,RC1005,
  SMD_BOTTOM,R89,163.875,23.875,0,10K/DNI,RC1005,
  SMD_BOTTOM,R90,163.875,18.875,180,10K,RC1005,
  SMD_BOTTOM,R91,163.875,20.875,180,10K,RC1005,
  SMD_BOTTOM,R92,163.875,22.875,180,10K,RC1005,
  SMD_BOTTOM,R93,163.875,17.125,180,10K,RC1005,
  SMD_BOTTOM,R95,183.25,31.75,0,10K,RC1005,
  SMD_BOTTOM,R96,183.5,29.25,0,10K,RC1005,
  SMD_BOTTOM,R97,183.5,26.75,0,10K,RC1005,
  SMD_BOTTOM,R98,183.5,24.25,0,10K,RC1005,
  SMD_BOTTOM,U8,169.125,20,270,PCF8574PW,TSSOP20_4_4_6_4_0_65,
  SMD_BOTTOM,U9,176.5,19.5,180,74AHC30PW,TSSOP14_4_4_6_4_0_65,
 DIP_TOP,H1,5,115,0,PCB_HOLE,HOLE3_5,
 DIP_TOP,H2,195,115,0,PCB_HOLE,HOLE3_5,
 DIP_TOP,H3,5,5,0,PCB_HOLE,HOLE3_5,
 DIP_TOP,H4,195,5,0,PCB_HOLE,HOLE3_5,
 DIP_TOP,J1,123,45.5,90,HEADER_2.54mm_2ROW_4P,HEADER2X4_2_54MM,
 DIP_TOP,J10,23,8.25,0,Pin__Header_2.54mm_1row_6P,HEADER6,
 DIP_TOP,J13,1.5,23.25,270,ZX360D-B-10P,ZX360D-B-10P,
 DIP_TOP,J14,23,4.5,0,Pin__Header_2.54mm_1row_7p,HEADER7,
 DIP_TOP,J17,193,60,270,FX18-120S-0.8SV15,FX18-120S_0_8SV15-HRS,
 DIP_TOP,J18,110.75,9.75,0,HEADER_2.54mm_2ROW_4P,HEADER2X4_2_54MM,
 DIP_TOP,J3,78.5,45.25,0,1__PIN__HDR,1PIN-HDR,
 DIP_TOP,J4,81.25,43.5,0,1__PIN__HDR,1PIN-HDR,
 DIP_TOP,J5,78.5,41.75,0,1__PIN__HDR,1PIN-HDR,
 DIP_TOP,J6,81.5,40,0,1__PIN__HDR,1PIN-HDR,
 DIP_TOP,J7,78.5,38.25,0,1__PIN__HDR,1PIN-HDR,
 DIP_TOP,TH1,26.25,97.625,180,HV_AHVP1,1PIN-HDR,
 DIP_TOP,TH10,16,46,180,D2VP,1PIN-HDR,
 DIP_TOP,TH11,16,57.75,180,A3V5P,1PIN-HDR,
 DIP_TOP,TH12,122.4,106,180,GND,1PIN-HDR,
 DIP_TOP,TH13,170,29.6,180,GND,1PIN-HDR,
 DIP_TOP,TH14,26.25,74.75,180,GND,1PIN-HDR,
 DIP_TOP,TH15,78,68.5,0,A3V3P_PLS,1PIN-HDR,
 DIP_TOP,TH17,119,76.75,0,A3V3N_PLS,1PIN-HDR,
 DIP_TOP,TH18,50,55.5,0,D2V5P_FPGA,1PIN-HDR,
 DIP_TOP,TH2,26.25,105.25,180,HV_AHVN1,1PIN-HDR,
 DIP_TOP,TH22,50,68.5,0,A1V9P_AFE,1PIN-HDR,
 DIP_TOP,TH26,41,42.5,0,D1V2P_AFE,1PIN-HDR,
 DIP_TOP,TH27,51.25,86.75,0,PPMIX_10VP,1PIN-HDR,
 DIP_TOP,TH3,26.25,81.125,180,HV_AHVP2,1PIN-HDR,
 DIP_TOP,TH30,61.25,99,0,A5VP_CW,1PIN-HDR,
 DIP_TOP,TH31,75,84,0,A5VN_CW,1PIN-HDR,
 DIP_TOP,TH33,77,96.25,0,REF_2V5P,1PIN-HDR,
 DIP_TOP,TH35,62.5,104.25,0,AD_3.3VP,1PIN-HDR,
 DIP_TOP,TH39,53,40,0,D1VP_VCCINT,1PIN-HDR,
 DIP_TOP,TH4,26.25,89.875,180,HV_AHVN2,1PIN-HDR,
 DIP_TOP,TH41,35,56.25,0,A5VP_ADC,1PIN-HDR,
 DIP_TOP,TH42,74.25,51,0,D1VP_VCCINT,1PIN-HDR,
 DIP_TOP,TH43,60,39.4,0,D1V8P_FPGA,1PIN-HDR,
 DIP_TOP,TH44,62,7,0,A3V3P_VCNTL,1PIN-HDR,
 DIP_TOP,TH45,73.5,8.5,0,A3.3VN_VCNTL,1PIN-HDR,
 DIP_TOP,TH46,151.7,17.8,0,A5VP_AFE,1PIN-HDR,
 DIP_TOP,TH5,16,51.5,180,A12VP,1PIN-HDR,
 DIP_TOP,TH7,16,69.75,180,A5VN,1PIN-HDR,
 DIP_TOP,TH8,16,64.5,180,D6VP,1PIN-HDR,
 DIP_TOP,TH9,16,38.75,180,D3V3P,1PIN-HDR,
DIP_BOTTOM,J12,7,60,270,8832E-060FS-N-F,8832E-060-FS-N-F,
